frame_index,component_index,stable_key_x,stable_key_y,column_x,column_y
3,0,16437,16395,16437,16395
3,0,16437,16395,16438,16396
3,0,16437,16395,16439,16395
3,0,16437,16395,16439,16396
3,0,16437,16395,16439,16397
3,0,16437,16395,16440,16395
3,0,16437,16395,16440,16396
3,0,16437,16395,16440,16397
3,0,16437,16395,16440,16398
3,0,16437,16395,16441,16395
3,0,16437,16395,16441,16396
3,0,16437,16395,16441,16397
3,0,16437,16395,16441,16398
3,0,16437,16395,16441,16399
3,0,16437,16395,16442,16394
3,0,16437,16395,16442,16395
3,0,16437,16395,16442,16396
3,0,16437,16395,16442,16397
3,0,16437,16395,16442,16398
3,0,16437,16395,16442,16399
3,0,16437,16395,16442,16400
3,0,16437,16395,16443,16394
3,0,16437,16395,16443,16395
3,0,16437,16395,16443,16396
3,0,16437,16395,16443,16397
3,0,16437,16395,16443,16398
3,0,16437,16395,16443,16399
3,0,16437,16395,16443,16400
3,0,16437,16395,16443,16401
3,0,16437,16395,16444,16395
3,0,16437,16395,16444,16396
3,0,16437,16395,16444,16397
3,0,16437,16395,16444,16398
3,0,16437,16395,16444,16399
3,0,16437,16395,16444,16400
3,0,16437,16395,16444,16401
3,0,16437,16395,16444,16402
3,0,16437,16395,16445,16394
3,0,16437,16395,16445,16395
3,0,16437,16395,16445,16396
3,0,16437,16395,16445,16397
3,0,16437,16395,16445,16398
3,0,16437,16395,16445,16399
3,0,16437,16395,16445,16401
3,0,16437,16395,16445,16402
3,0,16437,16395,16445,16403
3,0,16437,16395,16446,16395
3,0,16437,16395,16446,16396
3,0,16437,16395,16446,16397
3,0,16437,16395,16446,16398
3,0,16437,16395,16446,16399
3,0,16437,16395,16446,16400
3,0,16437,16395,16446,16401
3,0,16437,16395,16446,16402
3,0,16437,16395,16446,16403
3,0,16437,16395,16446,16404
3,0,16437,16395,16447,16395
3,0,16437,16395,16447,16396
3,0,16437,16395,16447,16397
3,0,16437,16395,16447,16398
3,0,16437,16395,16447,16399
3,0,16437,16395,16447,16400
3,0,16437,16395,16447,16401
3,0,16437,16395,16447,16404
3,0,16437,16395,16447,16405
3,0,16437,16395,16448,16394
3,0,16437,16395,16448,16395
3,0,16437,16395,16448,16396
3,0,16437,16395,16448,16397
3,0,16437,16395,16448,16398
3,0,16437,16395,16448,16399
3,0,16437,16395,16448,16400
3,0,16437,16395,16448,16401
3,0,16437,16395,16448,16402
3,0,16437,16395,16448,16404
3,0,16437,16395,16448,16406
3,0,16437,16395,16449,16395
3,0,16437,16395,16449,16397
3,0,16437,16395,16449,16398
3,0,16437,16395,16449,16399
3,0,16437,16395,16449,16400
3,0,16437,16395,16449,16401
3,0,16437,16395,16449,16402
3,0,16437,16395,16449,16405
3,0,16437,16395,16449,16406
3,0,16437,16395,16449,16407
3,0,16437,16395,16450,16396
3,0,16437,16395,16450,16397
3,0,16437,16395,16450,16398
3,0,16437,16395,16450,16399
3,0,16437,16395,16450,16400
3,0,16437,16395,16450,16401
3,0,16437,16395,16450,16402
3,0,16437,16395,16450,16403
3,0,16437,16395,16450,16406
3,0,16437,16395,16451,16373
3,0,16437,16395,16451,16396
3,0,16437,16395,16451,16397
3,0,16437,16395,16451,16398
3,0,16437,16395,16451,16399
3,0,16437,16395,16451,16400
3,0,16437,16395,16451,16401
3,0,16437,16395,16451,16402
3,0,16437,16395,16451,16403
3,0,16437,16395,16451,16404
3,0,16437,16395,16451,16406
3,0,16437,16395,16452,16373
3,0,16437,16395,16452,16374
3,0,16437,16395,16452,16395
3,0,16437,16395,16452,16397
3,0,16437,16395,16452,16398
3,0,16437,16395,16452,16399
3,0,16437,16395,16452,16400
3,0,16437,16395,16452,16401
3,0,16437,16395,16452,16402
3,0,16437,16395,16452,16403
3,0,16437,16395,16452,16404
3,0,16437,16395,16452,16405
3,0,16437,16395,16453,16373
3,0,16437,16395,16453,16374
3,0,16437,16395,16453,16396
3,0,16437,16395,16453,16397
3,0,16437,16395,16453,16398
3,0,16437,16395,16453,16399
3,0,16437,16395,16453,16400
3,0,16437,16395,16453,16401
3,0,16437,16395,16453,16402
3,0,16437,16395,16453,16403
3,0,16437,16395,16453,16404
3,0,16437,16395,16453,16405
3,0,16437,16395,16453,16406
3,0,16437,16395,16454,16373
3,0,16437,16395,16454,16374
3,0,16437,16395,16454,16375
3,0,16437,16395,16454,16395
3,0,16437,16395,16454,16396
3,0,16437,16395,16454,16397
3,0,16437,16395,16454,16398
3,0,16437,16395,16454,16399
3,0,16437,16395,16454,16400
3,0,16437,16395,16454,16401
3,0,16437,16395,16454,16402
3,0,16437,16395,16454,16403
3,0,16437,16395,16454,16405
3,0,16437,16395,16454,16407
3,0,16437,16395,16455,16372
3,0,16437,16395,16455,16373
3,0,16437,16395,16455,16374
3,0,16437,16395,16455,16376
3,0,16437,16395,16455,16396
3,0,16437,16395,16455,16398
3,0,16437,16395,16455,16399
3,0,16437,16395,16455,16400
3,0,16437,16395,16455,16401
3,0,16437,16395,16455,16402
3,0,16437,16395,16455,16403
3,0,16437,16395,16455,16404
3,0,16437,16395,16455,16405
3,0,16437,16395,16455,16407
3,0,16437,16395,16456,16372
3,0,16437,16395,16456,16373
3,0,16437,16395,16456,16375
3,0,16437,16395,16456,16376
3,0,16437,16395,16456,16397
3,0,16437,16395,16456,16398
3,0,16437,16395,16456,16399
3,0,16437,16395,16456,16400
3,0,16437,16395,16456,16401
3,0,16437,16395,16456,16402
3,0,16437,16395,16456,16403
3,0,16437,16395,16456,16404
3,0,16437,16395,16456,16405
3,0,16437,16395,16456,16406
3,0,16437,16395,16456,16407
3,0,16437,16395,16457,16372
3,0,16437,16395,16457,16373
3,0,16437,16395,16457,16374
3,0,16437,16395,16457,16375
3,0,16437,16395,16457,16398
3,0,16437,16395,16457,16399
3,0,16437,16395,16457,16400
3,0,16437,16395,16457,16401
3,0,16437,16395,16457,16402
3,0,16437,16395,16457,16404
3,0,16437,16395,16457,16405
3,0,16437,16395,16457,16406
3,0,16437,16395,16457,16407
3,0,16437,16395,16458,16371
3,0,16437,16395,16458,16372
3,0,16437,16395,16458,16373
3,0,16437,16395,16458,16374
3,0,16437,16395,16458,16375
3,0,16437,16395,16458,16399
3,0,16437,16395,16458,16400
3,0,16437,16395,16458,16401
3,0,16437,16395,16458,16402
3,0,16437,16395,16458,16403
3,0,16437,16395,16458,16404
3,0,16437,16395,16458,16406
3,0,16437,16395,16459,16371
3,0,16437,16395,16459,16372
3,0,16437,16395,16459,16373
3,0,16437,16395,16459,16375
3,0,16437,16395,16459,16376
3,0,16437,16395,16459,16399
3,0,16437,16395,16459,16400
3,0,16437,16395,16459,16401
3,0,16437,16395,16459,16402
3,0,16437,16395,16459,16403
3,0,16437,16395,16459,16404
3,0,16437,16395,16459,16405
3,0,16437,16395,16460,16371
3,0,16437,16395,16460,16372
3,0,16437,16395,16460,16373
3,0,16437,16395,16460,16375
3,0,16437,16395,16460,16378
3,0,16437,16395,16460,16395
3,0,16437,16395,16460,16401
3,0,16437,16395,16460,16402
3,0,16437,16395,16460,16403
3,0,16437,16395,16460,16404
3,0,16437,16395,16460,16406
3,0,16437,16395,16460,16407
3,0,16437,16395,16461,16370
3,0,16437,16395,16461,16371
3,0,16437,16395,16461,16372
3,0,16437,16395,16461,16373
3,0,16437,16395,16461,16374
3,0,16437,16395,16461,16376
3,0,16437,16395,16461,16378
3,0,16437,16395,16461,16380
3,0,16437,16395,16461,16381
3,0,16437,16395,16461,16396
3,0,16437,16395,16461,16397
3,0,16437,16395,16461,16401
3,0,16437,16395,16461,16402
3,0,16437,16395,16461,16405
3,0,16437,16395,16461,16407
3,0,16437,16395,16462,16370
3,0,16437,16395,16462,16371
3,0,16437,16395,16462,16372
3,0,16437,16395,16462,16373
3,0,16437,16395,16462,16374
3,0,16437,16395,16462,16375
3,0,16437,16395,16462,16376
3,0,16437,16395,16462,16377
3,0,16437,16395,16462,16378
3,0,16437,16395,16462,16379
3,0,16437,16395,16462,16380
3,0,16437,16395,16462,16381
3,0,16437,16395,16462,16382
3,0,16437,16395,16462,16383
3,0,16437,16395,16462,16398
3,0,16437,16395,16462,16399
3,0,16437,16395,16462,16401
3,0,16437,16395,16462,16402
3,0,16437,16395,16462,16404
3,0,16437,16395,16462,16405
3,0,16437,16395,16462,16407
3,0,16437,16395,16463,16370
3,0,16437,16395,16463,16371
3,0,16437,16395,16463,16372
3,0,16437,16395,16463,16373
3,0,16437,16395,16463,16374
3,0,16437,16395,16463,16376
3,0,16437,16395,16463,16377
3,0,16437,16395,16463,16378
3,0,16437,16395,16463,16379
3,0,16437,16395,16463,16380
3,0,16437,16395,16463,16381
3,0,16437,16395,16463,16393
3,0,16437,16395,16463,16395
3,0,16437,16395,16463,16396
3,0,16437,16395,16463,16397
3,0,16437,16395,16463,16398
3,0,16437,16395,16463,16399
3,0,16437,16395,16463,16400
3,0,16437,16395,16463,16401
3,0,16437,16395,16463,16402
3,0,16437,16395,16463,16405
3,0,16437,16395,16464,16369
3,0,16437,16395,16464,16370
3,0,16437,16395,16464,16371
3,0,16437,16395,16464,16372
3,0,16437,16395,16464,16373
3,0,16437,16395,16464,16375
3,0,16437,16395,16464,16376
3,0,16437,16395,16464,16378
3,0,16437,16395,16464,16379
3,0,16437,16395,16464,16380
3,0,16437,16395,16464,16381
3,0,16437,16395,16464,16382
3,0,16437,16395,16464,16383
3,0,16437,16395,16464,16384
3,0,16437,16395,16464,16393
3,0,16437,16395,16464,16394
3,0,16437,16395,16464,16396
3,0,16437,16395,16464,16398
3,0,16437,16395,16464,16400
3,0,16437,16395,16464,16401
3,0,16437,16395,16465,16370
3,0,16437,16395,16465,16371
3,0,16437,16395,16465,16372
3,0,16437,16395,16465,16374
3,0,16437,16395,16465,16375
3,0,16437,16395,16465,16376
3,0,16437,16395,16465,16377
3,0,16437,16395,16465,16378
3,0,16437,16395,16465,16379
3,0,16437,16395,16465,16380
3,0,16437,16395,16465,16383
3,0,16437,16395,16465,16392
3,0,16437,16395,16465,16393
3,0,16437,16395,16465,16394
3,0,16437,16395,16465,16395
3,0,16437,16395,16465,16396
3,0,16437,16395,16465,16397
3,0,16437,16395,16465,16398
3,0,16437,16395,16465,16399
3,0,16437,16395,16465,16400
3,0,16437,16395,16465,16401
3,0,16437,16395,16466,16369
3,0,16437,16395,16466,16370
3,0,16437,16395,16466,16371
3,0,16437,16395,16466,16372
3,0,16437,16395,16466,16373
3,0,16437,16395,16466,16374
3,0,16437,16395,16466,16376
3,0,16437,16395,16466,16377
3,0,16437,16395,16466,16378
3,0,16437,16395,16466,16379
3,0,16437,16395,16466,16380
3,0,16437,16395,16466,16381
3,0,16437,16395,16466,16382
3,0,16437,16395,16466,16383
3,0,16437,16395,16466,16388
3,0,16437,16395,16466,16389
3,0,16437,16395,16466,16390
3,0,16437,16395,16466,16391
3,0,16437,16395,16466,16392
3,0,16437,16395,16466,16393
3,0,16437,16395,16466,16394
3,0,16437,16395,16466,16395
3,0,16437,16395,16466,16396
3,0,16437,16395,16466,16397
3,0,16437,16395,16466,16398
3,0,16437,16395,16466,16399
3,0,16437,16395,16466,16400
3,0,16437,16395,16466,16401
3,0,16437,16395,16466,16402
3,0,16437,16395,16467,16368
3,0,16437,16395,16467,16369
3,0,16437,16395,16467,16370
3,0,16437,16395,16467,16371
3,0,16437,16395,16467,16372
3,0,16437,16395,16467,16373
3,0,16437,16395,16467,16374
3,0,16437,16395,16467,16375
3,0,16437,16395,16467,16376
3,0,16437,16395,16467,16377
3,0,16437,16395,16467,16378
3,0,16437,16395,16467,16379
3,0,16437,16395,16467,16380
3,0,16437,16395,16467,16381
3,0,16437,16395,16467,16382
3,0,16437,16395,16467,16383
3,0,16437,16395,16467,16384
3,0,16437,16395,16467,16385
3,0,16437,16395,16467,16386
3,0,16437,16395,16467,16387
3,0,16437,16395,16467,16388
3,0,16437,16395,16467,16389
3,0,16437,16395,16467,16390
3,0,16437,16395,16467,16391
3,0,16437,16395,16467,16392
3,0,16437,16395,16467,16393
3,0,16437,16395,16467,16394
3,0,16437,16395,16467,16395
3,0,16437,16395,16467,16396
3,0,16437,16395,16467,16397
3,0,16437,16395,16467,16398
3,0,16437,16395,16467,16399
3,0,16437,16395,16467,16400
3,0,16437,16395,16467,16401
3,0,16437,16395,16468,16369
3,0,16437,16395,16468,16370
3,0,16437,16395,16468,16371
3,0,16437,16395,16468,16372
3,0,16437,16395,16468,16373
3,0,16437,16395,16468,16374
3,0,16437,16395,16468,16375
3,0,16437,16395,16468,16376
3,0,16437,16395,16468,16378
3,0,16437,16395,16468,16380
3,0,16437,16395,16468,16381
3,0,16437,16395,16468,16383
3,0,16437,16395,16468,16384
3,0,16437,16395,16468,16385
3,0,16437,16395,16468,16386
3,0,16437,16395,16468,16387
3,0,16437,16395,16468,16388
3,0,16437,16395,16468,16390
3,0,16437,16395,16468,16391
3,0,16437,16395,16468,16392
3,0,16437,16395,16468,16393
3,0,16437,16395,16468,16394
3,0,16437,16395,16468,16395
3,0,16437,16395,16468,16396
3,0,16437,16395,16468,16397
3,0,16437,16395,16468,16398
3,0,16437,16395,16468,16399
3,0,16437,16395,16468,16400
3,0,16437,16395,16468,16401
3,0,16437,16395,16468,16402
3,0,16437,16395,16469,16369
3,0,16437,16395,16469,16370
3,0,16437,16395,16469,16371
3,0,16437,16395,16469,16372
3,0,16437,16395,16469,16373
3,0,16437,16395,16469,16374
3,0,16437,16395,16469,16377
3,0,16437,16395,16469,16378
3,0,16437,16395,16469,16379
3,0,16437,16395,16469,16381
3,0,16437,16395,16469,16382
3,0,16437,16395,16469,16383
3,0,16437,16395,16469,16384
3,0,16437,16395,16469,16385
3,0,16437,16395,16469,16386
3,0,16437,16395,16469,16387
3,0,16437,16395,16469,16388
3,0,16437,16395,16469,16389
3,0,16437,16395,16469,16390
3,0,16437,16395,16469,16391
3,0,16437,16395,16469,16392
3,0,16437,16395,16469,16394
3,0,16437,16395,16469,16395
3,0,16437,16395,16469,16396
3,0,16437,16395,16469,16397
3,0,16437,16395,16469,16398
3,0,16437,16395,16469,16399
3,0,16437,16395,16469,16400
3,0,16437,16395,16469,16402
3,0,16437,16395,16469,16403
3,0,16437,16395,16470,16368
3,0,16437,16395,16470,16369
3,0,16437,16395,16470,16370
3,0,16437,16395,16470,16371
3,0,16437,16395,16470,16372
3,0,16437,16395,16470,16373
3,0,16437,16395,16470,16374
3,0,16437,16395,16470,16375
3,0,16437,16395,16470,16377
3,0,16437,16395,16470,16378
3,0,16437,16395,16470,16379
3,0,16437,16395,16470,16381
3,0,16437,16395,16470,16382
3,0,16437,16395,16470,16383
3,0,16437,16395,16470,16384
3,0,16437,16395,16470,16385
3,0,16437,16395,16470,16386
3,0,16437,16395,16470,16387
3,0,16437,16395,16470,16388
3,0,16437,16395,16470,16389
3,0,16437,16395,16470,16390
3,0,16437,16395,16470,16391
3,0,16437,16395,16470,16392
3,0,16437,16395,16470,16393
3,0,16437,16395,16470,16394
3,0,16437,16395,16470,16395
3,0,16437,16395,16470,16396
3,0,16437,16395,16470,16397
3,0,16437,16395,16470,16398
3,0,16437,16395,16470,16399
3,0,16437,16395,16470,16401
3,0,16437,16395,16470,16402
3,0,16437,16395,16470,16403
3,0,16437,16395,16471,16368
3,0,16437,16395,16471,16369
3,0,16437,16395,16471,16370
3,0,16437,16395,16471,16371
3,0,16437,16395,16471,16372
3,0,16437,16395,16471,16373
3,0,16437,16395,16471,16374
3,0,16437,16395,16471,16375
3,0,16437,16395,16471,16377
3,0,16437,16395,16471,16378
3,0,16437,16395,16471,16379
3,0,16437,16395,16471,16380
3,0,16437,16395,16471,16381
3,0,16437,16395,16471,16382
3,0,16437,16395,16471,16383
3,0,16437,16395,16471,16384
3,0,16437,16395,16471,16385
3,0,16437,16395,16471,16386
3,0,16437,16395,16471,16387
3,0,16437,16395,16471,16388
3,0,16437,16395,16471,16389
3,0,16437,16395,16471,16390
3,0,16437,16395,16471,16391
3,0,16437,16395,16471,16392
3,0,16437,16395,16471,16393
3,0,16437,16395,16471,16394
3,0,16437,16395,16471,16395
3,0,16437,16395,16471,16396
3,0,16437,16395,16471,16397
3,0,16437,16395,16471,16398
3,0,16437,16395,16471,16399
3,0,16437,16395,16471,16400
3,0,16437,16395,16471,16403
3,0,16437,16395,16472,16369
3,0,16437,16395,16472,16370
3,0,16437,16395,16472,16371
3,0,16437,16395,16472,16372
3,0,16437,16395,16472,16373
3,0,16437,16395,16472,16374
3,0,16437,16395,16472,16375
3,0,16437,16395,16472,16376
3,0,16437,16395,16472,16377
3,0,16437,16395,16472,16378
3,0,16437,16395,16472,16379
3,0,16437,16395,16472,16380
3,0,16437,16395,16472,16381
3,0,16437,16395,16472,16382
3,0,16437,16395,16472,16383
3,0,16437,16395,16472,16384
3,0,16437,16395,16472,16385
3,0,16437,16395,16472,16386
3,0,16437,16395,16472,16387
3,0,16437,16395,16472,16388
3,0,16437,16395,16472,16389
3,0,16437,16395,16472,16390
3,0,16437,16395,16472,16391
3,0,16437,16395,16472,16392
3,0,16437,16395,16472,16393
3,0,16437,16395,16472,16394
3,0,16437,16395,16472,16396
3,0,16437,16395,16472,16397
3,0,16437,16395,16472,16398
3,0,16437,16395,16472,16399
3,0,16437,16395,16472,16400
3,0,16437,16395,16472,16401
3,0,16437,16395,16472,16402
3,0,16437,16395,16472,16403
3,0,16437,16395,16473,16369
3,0,16437,16395,16473,16370
3,0,16437,16395,16473,16371
3,0,16437,16395,16473,16372
3,0,16437,16395,16473,16373
3,0,16437,16395,16473,16374
3,0,16437,16395,16473,16375
3,0,16437,16395,16473,16376
3,0,16437,16395,16473,16377
3,0,16437,16395,16473,16378
3,0,16437,16395,16473,16379
3,0,16437,16395,16473,16380
3,0,16437,16395,16473,16381
3,0,16437,16395,16473,16382
3,0,16437,16395,16473,16383
3,0,16437,16395,16473,16384
3,0,16437,16395,16473,16385
3,0,16437,16395,16473,16386
3,0,16437,16395,16473,16387
3,0,16437,16395,16473,16388
3,0,16437,16395,16473,16389
3,0,16437,16395,16473,16390
3,0,16437,16395,16473,16391
3,0,16437,16395,16473,16392
3,0,16437,16395,16473,16393
3,0,16437,16395,16473,16394
3,0,16437,16395,16473,16395
3,0,16437,16395,16473,16396
3,0,16437,16395,16473,16397
3,0,16437,16395,16473,16398
3,0,16437,16395,16473,16399
3,0,16437,16395,16473,16400
3,0,16437,16395,16473,16401
3,0,16437,16395,16473,16403
3,0,16437,16395,16473,16404
3,0,16437,16395,16474,16370
3,0,16437,16395,16474,16371
3,0,16437,16395,16474,16372
3,0,16437,16395,16474,16374
3,0,16437,16395,16474,16376
3,0,16437,16395,16474,16377
3,0,16437,16395,16474,16378
3,0,16437,16395,16474,16379
3,0,16437,16395,16474,16381
3,0,16437,16395,16474,16382
3,0,16437,16395,16474,16383
3,0,16437,16395,16474,16384
3,0,16437,16395,16474,16385
3,0,16437,16395,16474,16386
3,0,16437,16395,16474,16387
3,0,16437,16395,16474,16388
3,0,16437,16395,16474,16389
3,0,16437,16395,16474,16390
3,0,16437,16395,16474,16391
3,0,16437,16395,16474,16392
3,0,16437,16395,16474,16393
3,0,16437,16395,16474,16394
3,0,16437,16395,16474,16395
3,0,16437,16395,16474,16396
3,0,16437,16395,16474,16398
3,0,16437,16395,16474,16399
3,0,16437,16395,16474,16400
3,0,16437,16395,16474,16401
3,0,16437,16395,16474,16402
3,0,16437,16395,16474,16404
3,0,16437,16395,16475,16369
3,0,16437,16395,16475,16371
3,0,16437,16395,16475,16372
3,0,16437,16395,16475,16373
3,0,16437,16395,16475,16374
3,0,16437,16395,16475,16375
3,0,16437,16395,16475,16376
3,0,16437,16395,16475,16377
3,0,16437,16395,16475,16378
3,0,16437,16395,16475,16379
3,0,16437,16395,16475,16380
3,0,16437,16395,16475,16381
3,0,16437,16395,16475,16382
3,0,16437,16395,16475,16383
3,0,16437,16395,16475,16384
3,0,16437,16395,16475,16385
3,0,16437,16395,16475,16386
3,0,16437,16395,16475,16387
3,0,16437,16395,16475,16388
3,0,16437,16395,16475,16389
3,0,16437,16395,16475,16390
3,0,16437,16395,16475,16391
3,0,16437,16395,16475,16392
3,0,16437,16395,16475,16393
3,0,16437,16395,16475,16395
3,0,16437,16395,16475,16396
3,0,16437,16395,16475,16397
3,0,16437,16395,16475,16398
3,0,16437,16395,16475,16399
3,0,16437,16395,16475,16400
3,0,16437,16395,16475,16401
3,0,16437,16395,16475,16402
3,0,16437,16395,16475,16405
3,0,16437,16395,16476,16369
3,0,16437,16395,16476,16370
3,0,16437,16395,16476,16372
3,0,16437,16395,16476,16373
3,0,16437,16395,16476,16374
3,0,16437,16395,16476,16375
3,0,16437,16395,16476,16376
3,0,16437,16395,16476,16377
3,0,16437,16395,16476,16378
3,0,16437,16395,16476,16379
3,0,16437,16395,16476,16380
3,0,16437,16395,16476,16381
3,0,16437,16395,16476,16382
3,0,16437,16395,16476,16383
3,0,16437,16395,16476,16385
3,0,16437,16395,16476,16386
3,0,16437,16395,16476,16387
3,0,16437,16395,16476,16388
3,0,16437,16395,16476,16390
3,0,16437,16395,16476,16391
3,0,16437,16395,16476,16392
3,0,16437,16395,16476,16393
3,0,16437,16395,16476,16394
3,0,16437,16395,16476,16395
3,0,16437,16395,16476,16396
3,0,16437,16395,16476,16397
3,0,16437,16395,16476,16398
3,0,16437,16395,16476,16399
3,0,16437,16395,16476,16400
3,0,16437,16395,16476,16402
3,0,16437,16395,16476,16403
3,0,16437,16395,16476,16405
3,0,16437,16395,16477,16370
3,0,16437,16395,16477,16371
3,0,16437,16395,16477,16372
3,0,16437,16395,16477,16373
3,0,16437,16395,16477,16374
3,0,16437,16395,16477,16375
3,0,16437,16395,16477,16376
3,0,16437,16395,16477,16377
3,0,16437,16395,16477,16378
3,0,16437,16395,16477,16379
3,0,16437,16395,16477,16380
3,0,16437,16395,16477,16381
3,0,16437,16395,16477,16382
3,0,16437,16395,16477,16383
3,0,16437,16395,16477,16384
3,0,16437,16395,16477,16385
3,0,16437,16395,16477,16386
3,0,16437,16395,16477,16387
3,0,16437,16395,16477,16388
3,0,16437,16395,16477,16389
3,0,16437,16395,16477,16390
3,0,16437,16395,16477,16391
3,0,16437,16395,16477,16392
3,0,16437,16395,16477,16393
3,0,16437,16395,16477,16394
3,0,16437,16395,16477,16396
3,0,16437,16395,16477,16397
3,0,16437,16395,16477,16398
3,0,16437,16395,16477,16399
3,0,16437,16395,16477,16400
3,0,16437,16395,16477,16401
3,0,16437,16395,16477,16403
3,0,16437,16395,16478,16369
3,0,16437,16395,16478,16370
3,0,16437,16395,16478,16371
3,0,16437,16395,16478,16372
3,0,16437,16395,16478,16375
3,0,16437,16395,16478,16376
3,0,16437,16395,16478,16377
3,0,16437,16395,16478,16378
3,0,16437,16395,16478,16379
3,0,16437,16395,16478,16380
3,0,16437,16395,16478,16381
3,0,16437,16395,16478,16383
3,0,16437,16395,16478,16384
3,0,16437,16395,16478,16385
3,0,16437,16395,16478,16386
3,0,16437,16395,16478,16387
3,0,16437,16395,16478,16388
3,0,16437,16395,16478,16389
3,0,16437,16395,16478,16390
3,0,16437,16395,16478,16391
3,0,16437,16395,16478,16392
3,0,16437,16395,16478,16393
3,0,16437,16395,16478,16394
3,0,16437,16395,16478,16395
3,0,16437,16395,16478,16397
3,0,16437,16395,16478,16398
3,0,16437,16395,16478,16399
3,0,16437,16395,16478,16400
3,0,16437,16395,16478,16401
3,0,16437,16395,16478,16402
3,0,16437,16395,16478,16403
3,0,16437,16395,16478,16404
3,0,16437,16395,16479,16369
3,0,16437,16395,16479,16371
3,0,16437,16395,16479,16372
3,0,16437,16395,16479,16373
3,0,16437,16395,16479,16374
3,0,16437,16395,16479,16375
3,0,16437,16395,16479,16376
3,0,16437,16395,16479,16378
3,0,16437,16395,16479,16379
3,0,16437,16395,16479,16380
3,0,16437,16395,16479,16382
3,0,16437,16395,16479,16383
3,0,16437,16395,16479,16384
3,0,16437,16395,16479,16386
3,0,16437,16395,16479,16387
3,0,16437,16395,16479,16388
3,0,16437,16395,16479,16389
3,0,16437,16395,16479,16390
3,0,16437,16395,16479,16392
3,0,16437,16395,16479,16393
3,0,16437,16395,16479,16394
3,0,16437,16395,16479,16395
3,0,16437,16395,16479,16396
3,0,16437,16395,16479,16397
3,0,16437,16395,16479,16398
3,0,16437,16395,16479,16399
3,0,16437,16395,16479,16400
3,0,16437,16395,16479,16401
3,0,16437,16395,16479,16402
3,0,16437,16395,16479,16403
3,0,16437,16395,16479,16404
3,0,16437,16395,16479,16405
3,0,16437,16395,16479,16406
3,0,16437,16395,16480,16368
3,0,16437,16395,16480,16370
3,0,16437,16395,16480,16371
3,0,16437,16395,16480,16372
3,0,16437,16395,16480,16373
3,0,16437,16395,16480,16374
3,0,16437,16395,16480,16375
3,0,16437,16395,16480,16376
3,0,16437,16395,16480,16377
3,0,16437,16395,16480,16378
3,0,16437,16395,16480,16379
3,0,16437,16395,16480,16380
3,0,16437,16395,16480,16381
3,0,16437,16395,16480,16382
3,0,16437,16395,16480,16383
3,0,16437,16395,16480,16384
3,0,16437,16395,16480,16385
3,0,16437,16395,16480,16386
3,0,16437,16395,16480,16387
3,0,16437,16395,16480,16388
3,0,16437,16395,16480,16390
3,0,16437,16395,16480,16391
3,0,16437,16395,16480,16392
3,0,16437,16395,16480,16393
3,0,16437,16395,16480,16394
3,0,16437,16395,16480,16395
3,0,16437,16395,16480,16397
3,0,16437,16395,16480,16399
3,0,16437,16395,16480,16400
3,0,16437,16395,16480,16401
3,0,16437,16395,16480,16402
3,0,16437,16395,16480,16404
3,0,16437,16395,16480,16407
3,0,16437,16395,16481,16367
3,0,16437,16395,16481,16368
3,0,16437,16395,16481,16369
3,0,16437,16395,16481,16370
3,0,16437,16395,16481,16371
3,0,16437,16395,16481,16372
3,0,16437,16395,16481,16373
3,0,16437,16395,16481,16374
3,0,16437,16395,16481,16375
3,0,16437,16395,16481,16376
3,0,16437,16395,16481,16377
3,0,16437,16395,16481,16378
3,0,16437,16395,16481,16379
3,0,16437,16395,16481,16381
3,0,16437,16395,16481,16382
3,0,16437,16395,16481,16383
3,0,16437,16395,16481,16384
3,0,16437,16395,16481,16386
3,0,16437,16395,16481,16387
3,0,16437,16395,16481,16388
3,0,16437,16395,16481,16389
3,0,16437,16395,16481,16390
3,0,16437,16395,16481,16391
3,0,16437,16395,16481,16392
3,0,16437,16395,16481,16393
3,0,16437,16395,16481,16394
3,0,16437,16395,16481,16395
3,0,16437,16395,16481,16396
3,0,16437,16395,16481,16398
3,0,16437,16395,16481,16399
3,0,16437,16395,16481,16400
3,0,16437,16395,16481,16401
3,0,16437,16395,16481,16402
3,0,16437,16395,16481,16404
3,0,16437,16395,16481,16405
3,0,16437,16395,16481,16406
3,0,16437,16395,16481,16407
3,0,16437,16395,16482,16367
3,0,16437,16395,16482,16368
3,0,16437,16395,16482,16369
3,0,16437,16395,16482,16370
3,0,16437,16395,16482,16371
3,0,16437,16395,16482,16372
3,0,16437,16395,16482,16373
3,0,16437,16395,16482,16374
3,0,16437,16395,16482,16375
3,0,16437,16395,16482,16376
3,0,16437,16395,16482,16377
3,0,16437,16395,16482,16378
3,0,16437,16395,16482,16379
3,0,16437,16395,16482,16380
3,0,16437,16395,16482,16381
3,0,16437,16395,16482,16382
3,0,16437,16395,16482,16383
3,0,16437,16395,16482,16384
3,0,16437,16395,16482,16386
3,0,16437,16395,16482,16387
3,0,16437,16395,16482,16388
3,0,16437,16395,16482,16389
3,0,16437,16395,16482,16390
3,0,16437,16395,16482,16391
3,0,16437,16395,16482,16392
3,0,16437,16395,16482,16393
3,0,16437,16395,16482,16394
3,0,16437,16395,16482,16395
3,0,16437,16395,16482,16396
3,0,16437,16395,16482,16398
3,0,16437,16395,16482,16400
3,0,16437,16395,16482,16401
3,0,16437,16395,16482,16402
3,0,16437,16395,16482,16403
3,0,16437,16395,16482,16404
3,0,16437,16395,16483,16368
3,0,16437,16395,16483,16370
3,0,16437,16395,16483,16371
3,0,16437,16395,16483,16372
3,0,16437,16395,16483,16373
3,0,16437,16395,16483,16374
3,0,16437,16395,16483,16375
3,0,16437,16395,16483,16376
3,0,16437,16395,16483,16377
3,0,16437,16395,16483,16378
3,0,16437,16395,16483,16379
3,0,16437,16395,16483,16380
3,0,16437,16395,16483,16381
3,0,16437,16395,16483,16382
3,0,16437,16395,16483,16383
3,0,16437,16395,16483,16384
3,0,16437,16395,16483,16385
3,0,16437,16395,16483,16386
3,0,16437,16395,16483,16388
3,0,16437,16395,16483,16389
3,0,16437,16395,16483,16390
3,0,16437,16395,16483,16391
3,0,16437,16395,16483,16392
3,0,16437,16395,16483,16394
3,0,16437,16395,16483,16395
3,0,16437,16395,16483,16396
3,0,16437,16395,16483,16397
3,0,16437,16395,16483,16398
3,0,16437,16395,16483,16399
3,0,16437,16395,16483,16400
3,0,16437,16395,16483,16401
3,0,16437,16395,16483,16402
3,0,16437,16395,16483,16403
3,0,16437,16395,16483,16405
3,0,16437,16395,16483,16406
3,0,16437,16395,16484,16367
3,0,16437,16395,16484,16369
3,0,16437,16395,16484,16370
3,0,16437,16395,16484,16371
3,0,16437,16395,16484,16372
3,0,16437,16395,16484,16373
3,0,16437,16395,16484,16374
3,0,16437,16395,16484,16375
3,0,16437,16395,16484,16376
3,0,16437,16395,16484,16378
3,0,16437,16395,16484,16379
3,0,16437,16395,16484,16380
3,0,16437,16395,16484,16381
3,0,16437,16395,16484,16382
3,0,16437,16395,16484,16383
3,0,16437,16395,16484,16384
3,0,16437,16395,16484,16385
3,0,16437,16395,16484,16386
3,0,16437,16395,16484,16387
3,0,16437,16395,16484,16388
3,0,16437,16395,16484,16389
3,0,16437,16395,16484,16390
3,0,16437,16395,16484,16391
3,0,16437,16395,16484,16392
3,0,16437,16395,16484,16393
3,0,16437,16395,16484,16395
3,0,16437,16395,16484,16396
3,0,16437,16395,16484,16398
3,0,16437,16395,16484,16399
3,0,16437,16395,16484,16400
3,0,16437,16395,16484,16401
3,0,16437,16395,16484,16402
3,0,16437,16395,16484,16403
3,0,16437,16395,16484,16404
3,0,16437,16395,16484,16406
3,0,16437,16395,16484,16407
3,0,16437,16395,16485,16368
3,0,16437,16395,16485,16369
3,0,16437,16395,16485,16370
3,0,16437,16395,16485,16371
3,0,16437,16395,16485,16372
3,0,16437,16395,16485,16373
3,0,16437,16395,16485,16374
3,0,16437,16395,16485,16375
3,0,16437,16395,16485,16376
3,0,16437,16395,16485,16377
3,0,16437,16395,16485,16378
3,0,16437,16395,16485,16379
3,0,16437,16395,16485,16380
3,0,16437,16395,16485,16381
3,0,16437,16395,16485,16382
3,0,16437,16395,16485,16383
3,0,16437,16395,16485,16384
3,0,16437,16395,16485,16386
3,0,16437,16395,16485,16387
3,0,16437,16395,16485,16388
3,0,16437,16395,16485,16389
3,0,16437,16395,16485,16390
3,0,16437,16395,16485,16391
3,0,16437,16395,16485,16392
3,0,16437,16395,16485,16393
3,0,16437,16395,16485,16394
3,0,16437,16395,16485,16395
3,0,16437,16395,16485,16396
3,0,16437,16395,16485,16397
3,0,16437,16395,16485,16398
3,0,16437,16395,16485,16399
3,0,16437,16395,16485,16401
3,0,16437,16395,16485,16403
3,0,16437,16395,16485,16404
3,0,16437,16395,16485,16405
3,0,16437,16395,16485,16406
3,0,16437,16395,16485,16407
3,0,16437,16395,16486,16368
3,0,16437,16395,16486,16370
3,0,16437,16395,16486,16371
3,0,16437,16395,16486,16372
3,0,16437,16395,16486,16373
3,0,16437,16395,16486,16375
3,0,16437,16395,16486,16376
3,0,16437,16395,16486,16377
3,0,16437,16395,16486,16378
3,0,16437,16395,16486,16380
3,0,16437,16395,16486,16381
3,0,16437,16395,16486,16383
3,0,16437,16395,16486,16384
3,0,16437,16395,16486,16385
3,0,16437,16395,16486,16386
3,0,16437,16395,16486,16387
3,0,16437,16395,16486,16388
3,0,16437,16395,16486,16389
3,0,16437,16395,16486,16391
3,0,16437,16395,16486,16392
3,0,16437,16395,16486,16393
3,0,16437,16395,16486,16394
3,0,16437,16395,16486,16395
3,0,16437,16395,16486,16396
3,0,16437,16395,16486,16397
3,0,16437,16395,16486,16399
3,0,16437,16395,16486,16400
3,0,16437,16395,16486,16401
3,0,16437,16395,16486,16402
3,0,16437,16395,16486,16403
3,0,16437,16395,16486,16404
3,0,16437,16395,16486,16407
3,0,16437,16395,16487,16367
3,0,16437,16395,16487,16368
3,0,16437,16395,16487,16369
3,0,16437,16395,16487,16370
3,0,16437,16395,16487,16371
3,0,16437,16395,16487,16372
3,0,16437,16395,16487,16373
3,0,16437,16395,16487,16374
3,0,16437,16395,16487,16375
3,0,16437,16395,16487,16377
3,0,16437,16395,16487,16378
3,0,16437,16395,16487,16379
3,0,16437,16395,16487,16380
3,0,16437,16395,16487,16381
3,0,16437,16395,16487,16382
3,0,16437,16395,16487,16383
3,0,16437,16395,16487,16384
3,0,16437,16395,16487,16385
3,0,16437,16395,16487,16387
3,0,16437,16395,16487,16388
3,0,16437,16395,16487,16390
3,0,16437,16395,16487,16391
3,0,16437,16395,16487,16392
3,0,16437,16395,16487,16393
3,0,16437,16395,16487,16394
3,0,16437,16395,16487,16395
3,0,16437,16395,16487,16397
3,0,16437,16395,16487,16398
3,0,16437,16395,16487,16399
3,0,16437,16395,16487,16401
3,0,16437,16395,16487,16402
3,0,16437,16395,16487,16403
3,0,16437,16395,16487,16404
3,0,16437,16395,16487,16405
3,0,16437,16395,16487,16406
3,0,16437,16395,16487,16408
3,0,16437,16395,16487,16409
3,0,16437,16395,16488,16368
3,0,16437,16395,16488,16369
3,0,16437,16395,16488,16370
3,0,16437,16395,16488,16371
3,0,16437,16395,16488,16372
3,0,16437,16395,16488,16374
3,0,16437,16395,16488,16375
3,0,16437,16395,16488,16377
3,0,16437,16395,16488,16378
3,0,16437,16395,16488,16379
3,0,16437,16395,16488,16380
3,0,16437,16395,16488,16381
3,0,16437,16395,16488,16382
3,0,16437,16395,16488,16383
3,0,16437,16395,16488,16384
3,0,16437,16395,16488,16386
3,0,16437,16395,16488,16387
3,0,16437,16395,16488,16388
3,0,16437,16395,16488,16389
3,0,16437,16395,16488,16390
3,0,16437,16395,16488,16391
3,0,16437,16395,16488,16393
3,0,16437,16395,16488,16394
3,0,16437,16395,16488,16395
3,0,16437,16395,16488,16396
3,0,16437,16395,16488,16397
3,0,16437,16395,16488,16399
3,0,16437,16395,16488,16400
3,0,16437,16395,16488,16401
3,0,16437,16395,16488,16402
3,0,16437,16395,16488,16403
3,0,16437,16395,16488,16404
3,0,16437,16395,16488,16405
3,0,16437,16395,16488,16406
3,0,16437,16395,16488,16407
3,0,16437,16395,16488,16408
3,0,16437,16395,16489,16368
3,0,16437,16395,16489,16370
3,0,16437,16395,16489,16372
3,0,16437,16395,16489,16375
3,0,16437,16395,16489,16376
3,0,16437,16395,16489,16377
3,0,16437,16395,16489,16379
3,0,16437,16395,16489,16380
3,0,16437,16395,16489,16381
3,0,16437,16395,16489,16382
3,0,16437,16395,16489,16383
3,0,16437,16395,16489,16384
3,0,16437,16395,16489,16385
3,0,16437,16395,16489,16386
3,0,16437,16395,16489,16387
3,0,16437,16395,16489,16389
3,0,16437,16395,16489,16390
3,0,16437,16395,16489,16391
3,0,16437,16395,16489,16392
3,0,16437,16395,16489,16393
3,0,16437,16395,16489,16394
3,0,16437,16395,16489,16395
3,0,16437,16395,16489,16396
3,0,16437,16395,16489,16397
3,0,16437,16395,16489,16398
3,0,16437,16395,16489,16399
3,0,16437,16395,16489,16400
3,0,16437,16395,16489,16401
3,0,16437,16395,16489,16402
3,0,16437,16395,16489,16403
3,0,16437,16395,16489,16404
3,0,16437,16395,16489,16405
3,0,16437,16395,16489,16406
3,0,16437,16395,16490,16368
3,0,16437,16395,16490,16370
3,0,16437,16395,16490,16371
3,0,16437,16395,16490,16373
3,0,16437,16395,16490,16374
3,0,16437,16395,16490,16375
3,0,16437,16395,16490,16376
3,0,16437,16395,16490,16377
3,0,16437,16395,16490,16378
3,0,16437,16395,16490,16379
3,0,16437,16395,16490,16381
3,0,16437,16395,16490,16382
3,0,16437,16395,16490,16383
3,0,16437,16395,16490,16384
3,0,16437,16395,16490,16385
3,0,16437,16395,16490,16386
3,0,16437,16395,16490,16387
3,0,16437,16395,16490,16388
3,0,16437,16395,16490,16389
3,0,16437,16395,16490,16390
3,0,16437,16395,16490,16391
3,0,16437,16395,16490,16392
3,0,16437,16395,16490,16393
3,0,16437,16395,16490,16395
3,0,16437,16395,16490,16396
3,0,16437,16395,16490,16397
3,0,16437,16395,16490,16398
3,0,16437,16395,16490,16399
3,0,16437,16395,16490,16400
3,0,16437,16395,16490,16402
3,0,16437,16395,16490,16403
3,0,16437,16395,16490,16404
3,0,16437,16395,16490,16405
3,0,16437,16395,16490,16406
3,0,16437,16395,16490,16407
3,0,16437,16395,16490,16408
3,0,16437,16395,16491,16368
3,0,16437,16395,16491,16369
3,0,16437,16395,16491,16370
3,0,16437,16395,16491,16371
3,0,16437,16395,16491,16372
3,0,16437,16395,16491,16373
3,0,16437,16395,16491,16374
3,0,16437,16395,16491,16375
3,0,16437,16395,16491,16376
3,0,16437,16395,16491,16377
3,0,16437,16395,16491,16378
3,0,16437,16395,16491,16379
3,0,16437,16395,16491,16380
3,0,16437,16395,16491,16381
3,0,16437,16395,16491,16383
3,0,16437,16395,16491,16384
3,0,16437,16395,16491,16385
3,0,16437,16395,16491,16387
3,0,16437,16395,16491,16388
3,0,16437,16395,16491,16391
3,0,16437,16395,16491,16392
3,0,16437,16395,16491,16393
3,0,16437,16395,16491,16394
3,0,16437,16395,16491,16396
3,0,16437,16395,16491,16397
3,0,16437,16395,16491,16398
3,0,16437,16395,16491,16399
3,0,16437,16395,16491,16400
3,0,16437,16395,16491,16401
3,0,16437,16395,16491,16404
3,0,16437,16395,16491,16405
3,0,16437,16395,16491,16406
3,0,16437,16395,16492,16366
3,0,16437,16395,16492,16367
3,0,16437,16395,16492,16369
3,0,16437,16395,16492,16371
3,0,16437,16395,16492,16372
3,0,16437,16395,16492,16374
3,0,16437,16395,16492,16375
3,0,16437,16395,16492,16376
3,0,16437,16395,16492,16377
3,0,16437,16395,16492,16378
3,0,16437,16395,16492,16379
3,0,16437,16395,16492,16380
3,0,16437,16395,16492,16381
3,0,16437,16395,16492,16382
3,0,16437,16395,16492,16383
3,0,16437,16395,16492,16385
3,0,16437,16395,16492,16386
3,0,16437,16395,16492,16388
3,0,16437,16395,16492,16389
3,0,16437,16395,16492,16390
3,0,16437,16395,16492,16391
3,0,16437,16395,16492,16392
3,0,16437,16395,16492,16393
3,0,16437,16395,16492,16394
3,0,16437,16395,16492,16395
3,0,16437,16395,16492,16396
3,0,16437,16395,16492,16397
3,0,16437,16395,16492,16398
3,0,16437,16395,16492,16399
3,0,16437,16395,16492,16401
3,0,16437,16395,16492,16404
3,0,16437,16395,16492,16406
3,0,16437,16395,16492,16407
3,0,16437,16395,16493,16365
3,0,16437,16395,16493,16366
3,0,16437,16395,16493,16368
3,0,16437,16395,16493,16369
3,0,16437,16395,16493,16370
3,0,16437,16395,16493,16371
3,0,16437,16395,16493,16372
3,0,16437,16395,16493,16373
3,0,16437,16395,16493,16374
3,0,16437,16395,16493,16375
3,0,16437,16395,16493,16376
3,0,16437,16395,16493,16377
3,0,16437,16395,16493,16378
3,0,16437,16395,16493,16379
3,0,16437,16395,16493,16380
3,0,16437,16395,16493,16381
3,0,16437,16395,16493,16382
3,0,16437,16395,16493,16383
3,0,16437,16395,16493,16384
3,0,16437,16395,16493,16385
3,0,16437,16395,16493,16386
3,0,16437,16395,16493,16387
3,0,16437,16395,16493,16388
3,0,16437,16395,16493,16389
3,0,16437,16395,16493,16390
3,0,16437,16395,16493,16391
3,0,16437,16395,16493,16393
3,0,16437,16395,16493,16394
3,0,16437,16395,16493,16395
3,0,16437,16395,16493,16396
3,0,16437,16395,16493,16397
3,0,16437,16395,16493,16398
3,0,16437,16395,16493,16399
3,0,16437,16395,16493,16401
3,0,16437,16395,16493,16402
3,0,16437,16395,16493,16404
3,0,16437,16395,16493,16405
3,0,16437,16395,16493,16407
3,0,16437,16395,16493,16408
3,0,16437,16395,16494,16366
3,0,16437,16395,16494,16368
3,0,16437,16395,16494,16370
3,0,16437,16395,16494,16372
3,0,16437,16395,16494,16373
3,0,16437,16395,16494,16374
3,0,16437,16395,16494,16375
3,0,16437,16395,16494,16376
3,0,16437,16395,16494,16377
3,0,16437,16395,16494,16378
3,0,16437,16395,16494,16380
3,0,16437,16395,16494,16381
3,0,16437,16395,16494,16382
3,0,16437,16395,16494,16383
3,0,16437,16395,16494,16384
3,0,16437,16395,16494,16386
3,0,16437,16395,16494,16387
3,0,16437,16395,16494,16390
3,0,16437,16395,16494,16392
3,0,16437,16395,16494,16393
3,0,16437,16395,16494,16394
3,0,16437,16395,16494,16395
3,0,16437,16395,16494,16396
3,0,16437,16395,16494,16397
3,0,16437,16395,16494,16398
3,0,16437,16395,16494,16399
3,0,16437,16395,16494,16400
3,0,16437,16395,16494,16401
3,0,16437,16395,16494,16402
3,0,16437,16395,16494,16403
3,0,16437,16395,16494,16405
3,0,16437,16395,16494,16406
3,0,16437,16395,16494,16407
3,0,16437,16395,16494,16408
3,0,16437,16395,16495,16366
3,0,16437,16395,16495,16367
3,0,16437,16395,16495,16368
3,0,16437,16395,16495,16369
3,0,16437,16395,16495,16371
3,0,16437,16395,16495,16372
3,0,16437,16395,16495,16373
3,0,16437,16395,16495,16374
3,0,16437,16395,16495,16375
3,0,16437,16395,16495,16376
3,0,16437,16395,16495,16377
3,0,16437,16395,16495,16378
3,0,16437,16395,16495,16379
3,0,16437,16395,16495,16380
3,0,16437,16395,16495,16381
3,0,16437,16395,16495,16382
3,0,16437,16395,16495,16384
3,0,16437,16395,16495,16385
3,0,16437,16395,16495,16386
3,0,16437,16395,16495,16388
3,0,16437,16395,16495,16390
3,0,16437,16395,16495,16391
3,0,16437,16395,16495,16392
3,0,16437,16395,16495,16393
3,0,16437,16395,16495,16395
3,0,16437,16395,16495,16396
3,0,16437,16395,16495,16397
3,0,16437,16395,16495,16399
3,0,16437,16395,16495,16400
3,0,16437,16395,16495,16403
3,0,16437,16395,16495,16404
3,0,16437,16395,16495,16406
3,0,16437,16395,16495,16407
3,0,16437,16395,16495,16408
3,0,16437,16395,16496,16365
3,0,16437,16395,16496,16366
3,0,16437,16395,16496,16367
3,0,16437,16395,16496,16368
3,0,16437,16395,16496,16369
3,0,16437,16395,16496,16371
3,0,16437,16395,16496,16372
3,0,16437,16395,16496,16373
3,0,16437,16395,16496,16374
3,0,16437,16395,16496,16375
3,0,16437,16395,16496,16376
3,0,16437,16395,16496,16377
3,0,16437,16395,16496,16379
3,0,16437,16395,16496,16380
3,0,16437,16395,16496,16381
3,0,16437,16395,16496,16382
3,0,16437,16395,16496,16383
3,0,16437,16395,16496,16385
3,0,16437,16395,16496,16387
3,0,16437,16395,16496,16391
3,0,16437,16395,16496,16392
3,0,16437,16395,16496,16393
3,0,16437,16395,16496,16394
3,0,16437,16395,16496,16395
3,0,16437,16395,16496,16396
3,0,16437,16395,16496,16397
3,0,16437,16395,16496,16399
3,0,16437,16395,16496,16401
3,0,16437,16395,16496,16404
3,0,16437,16395,16496,16406
3,0,16437,16395,16496,16407
3,0,16437,16395,16496,16408
3,0,16437,16395,16497,16365
3,0,16437,16395,16497,16366
3,0,16437,16395,16497,16368
3,0,16437,16395,16497,16369
3,0,16437,16395,16497,16370
3,0,16437,16395,16497,16371
3,0,16437,16395,16497,16372
3,0,16437,16395,16497,16375
3,0,16437,16395,16497,16376
3,0,16437,16395,16497,16377
3,0,16437,16395,16497,16378
3,0,16437,16395,16497,16379
3,0,16437,16395,16497,16380
3,0,16437,16395,16497,16390
3,0,16437,16395,16497,16391
3,0,16437,16395,16497,16392
3,0,16437,16395,16497,16393
3,0,16437,16395,16497,16395
3,0,16437,16395,16497,16397
3,0,16437,16395,16497,16398
3,0,16437,16395,16497,16399
3,0,16437,16395,16497,16400
3,0,16437,16395,16497,16401
3,0,16437,16395,16497,16402
3,0,16437,16395,16497,16403
3,0,16437,16395,16497,16404
3,0,16437,16395,16497,16405
3,0,16437,16395,16497,16407
3,0,16437,16395,16497,16408
3,0,16437,16395,16497,16409
3,0,16437,16395,16498,16366
3,0,16437,16395,16498,16368
3,0,16437,16395,16498,16370
3,0,16437,16395,16498,16371
3,0,16437,16395,16498,16372
3,0,16437,16395,16498,16373
3,0,16437,16395,16498,16375
3,0,16437,16395,16498,16376
3,0,16437,16395,16498,16377
3,0,16437,16395,16498,16381
3,0,16437,16395,16498,16383
3,0,16437,16395,16498,16384
3,0,16437,16395,16498,16385
3,0,16437,16395,16498,16389
3,0,16437,16395,16498,16390
3,0,16437,16395,16498,16391
3,0,16437,16395,16498,16392
3,0,16437,16395,16498,16393
3,0,16437,16395,16498,16395
3,0,16437,16395,16498,16396
3,0,16437,16395,16498,16397
3,0,16437,16395,16498,16398
3,0,16437,16395,16498,16399
3,0,16437,16395,16498,16401
3,0,16437,16395,16498,16403
3,0,16437,16395,16498,16404
3,0,16437,16395,16498,16405
3,0,16437,16395,16498,16407
3,0,16437,16395,16498,16408
3,0,16437,16395,16499,16366
3,0,16437,16395,16499,16367
3,0,16437,16395,16499,16368
3,0,16437,16395,16499,16370
3,0,16437,16395,16499,16371
3,0,16437,16395,16499,16372
3,0,16437,16395,16499,16373
3,0,16437,16395,16499,16374
3,0,16437,16395,16499,16375
3,0,16437,16395,16499,16377
3,0,16437,16395,16499,16378
3,0,16437,16395,16499,16380
3,0,16437,16395,16499,16381
3,0,16437,16395,16499,16382
3,0,16437,16395,16499,16383
3,0,16437,16395,16499,16391
3,0,16437,16395,16499,16392
3,0,16437,16395,16499,16393
3,0,16437,16395,16499,16394
3,0,16437,16395,16499,16395
3,0,16437,16395,16499,16396
3,0,16437,16395,16499,16397
3,0,16437,16395,16499,16398
3,0,16437,16395,16499,16400
3,0,16437,16395,16499,16401
3,0,16437,16395,16499,16402
3,0,16437,16395,16499,16403
3,0,16437,16395,16499,16405
3,0,16437,16395,16499,16406
3,0,16437,16395,16500,16365
3,0,16437,16395,16500,16368
3,0,16437,16395,16500,16370
3,0,16437,16395,16500,16371
3,0,16437,16395,16500,16372
3,0,16437,16395,16500,16373
3,0,16437,16395,16500,16374
3,0,16437,16395,16500,16376
3,0,16437,16395,16500,16377
3,0,16437,16395,16500,16378
3,0,16437,16395,16500,16384
3,0,16437,16395,16500,16392
3,0,16437,16395,16500,16393
3,0,16437,16395,16500,16395
3,0,16437,16395,16500,16397
3,0,16437,16395,16500,16398
3,0,16437,16395,16500,16399
3,0,16437,16395,16500,16400
3,0,16437,16395,16500,16402
3,0,16437,16395,16500,16403
3,0,16437,16395,16500,16404
3,0,16437,16395,16500,16405
3,0,16437,16395,16500,16408
3,0,16437,16395,16500,16409
3,0,16437,16395,16501,16364
3,0,16437,16395,16501,16369
3,0,16437,16395,16501,16370
3,0,16437,16395,16501,16371
3,0,16437,16395,16501,16372
3,0,16437,16395,16501,16373
3,0,16437,16395,16501,16374
3,0,16437,16395,16501,16375
3,0,16437,16395,16501,16376
3,0,16437,16395,16501,16377
3,0,16437,16395,16501,16378
3,0,16437,16395,16501,16382
3,0,16437,16395,16501,16384
3,0,16437,16395,16501,16393
3,0,16437,16395,16501,16394
3,0,16437,16395,16501,16395
3,0,16437,16395,16501,16396
3,0,16437,16395,16501,16397
3,0,16437,16395,16501,16398
3,0,16437,16395,16501,16401
3,0,16437,16395,16501,16402
3,0,16437,16395,16501,16403
3,0,16437,16395,16501,16404
3,0,16437,16395,16501,16405
3,0,16437,16395,16501,16406
3,0,16437,16395,16501,16407
3,0,16437,16395,16501,16408
3,0,16437,16395,16501,16409
3,0,16437,16395,16501,16410
3,0,16437,16395,16502,16368
3,0,16437,16395,16502,16369
3,0,16437,16395,16502,16370
3,0,16437,16395,16502,16371
3,0,16437,16395,16502,16372
3,0,16437,16395,16502,16373
3,0,16437,16395,16502,16374
3,0,16437,16395,16502,16376
3,0,16437,16395,16502,16377
3,0,16437,16395,16502,16379
3,0,16437,16395,16502,16383
3,0,16437,16395,16502,16392
3,0,16437,16395,16502,16393
3,0,16437,16395,16502,16394
3,0,16437,16395,16502,16396
3,0,16437,16395,16502,16400
3,0,16437,16395,16502,16402
3,0,16437,16395,16502,16405
3,0,16437,16395,16502,16409
3,0,16437,16395,16502,16411
3,0,16437,16395,16502,16413
3,0,16437,16395,16503,16365
3,0,16437,16395,16503,16367
3,0,16437,16395,16503,16369
3,0,16437,16395,16503,16370
3,0,16437,16395,16503,16371
3,0,16437,16395,16503,16373
3,0,16437,16395,16503,16375
3,0,16437,16395,16503,16376
3,0,16437,16395,16503,16391
3,0,16437,16395,16503,16393
3,0,16437,16395,16503,16394
3,0,16437,16395,16503,16395
3,0,16437,16395,16503,16396
3,0,16437,16395,16503,16397
3,0,16437,16395,16503,16398
3,0,16437,16395,16503,16399
3,0,16437,16395,16503,16400
3,0,16437,16395,16503,16401
3,0,16437,16395,16503,16402
3,0,16437,16395,16503,16404
3,0,16437,16395,16503,16406
3,0,16437,16395,16503,16409
3,0,16437,16395,16503,16410
3,0,16437,16395,16503,16412
3,0,16437,16395,16503,16413
3,0,16437,16395,16504,16365
3,0,16437,16395,16504,16366
3,0,16437,16395,16504,16368
3,0,16437,16395,16504,16369
3,0,16437,16395,16504,16370
3,0,16437,16395,16504,16371
3,0,16437,16395,16504,16372
3,0,16437,16395,16504,16373
3,0,16437,16395,16504,16374
3,0,16437,16395,16504,16375
3,0,16437,16395,16504,16376
3,0,16437,16395,16504,16380
3,0,16437,16395,16504,16381
3,0,16437,16395,16504,16382
3,0,16437,16395,16504,16383
3,0,16437,16395,16504,16394
3,0,16437,16395,16504,16395
3,0,16437,16395,16504,16396
3,0,16437,16395,16504,16397
3,0,16437,16395,16504,16399
3,0,16437,16395,16504,16401
3,0,16437,16395,16504,16402
3,0,16437,16395,16504,16403
3,0,16437,16395,16504,16404
3,0,16437,16395,16504,16406
3,0,16437,16395,16504,16409
3,0,16437,16395,16504,16412
3,0,16437,16395,16505,16364
3,0,16437,16395,16505,16365
3,0,16437,16395,16505,16366
3,0,16437,16395,16505,16369
3,0,16437,16395,16505,16370
3,0,16437,16395,16505,16371
3,0,16437,16395,16505,16372
3,0,16437,16395,16505,16373
3,0,16437,16395,16505,16374
3,0,16437,16395,16505,16375
3,0,16437,16395,16505,16376
3,0,16437,16395,16505,16377
3,0,16437,16395,16505,16378
3,0,16437,16395,16505,16379
3,0,16437,16395,16505,16380
3,0,16437,16395,16505,16381
3,0,16437,16395,16505,16382
3,0,16437,16395,16505,16384
3,0,16437,16395,16505,16391
3,0,16437,16395,16505,16392
3,0,16437,16395,16505,16393
3,0,16437,16395,16505,16394
3,0,16437,16395,16505,16395
3,0,16437,16395,16505,16397
3,0,16437,16395,16505,16398
3,0,16437,16395,16505,16399
3,0,16437,16395,16505,16402
3,0,16437,16395,16505,16403
3,0,16437,16395,16505,16404
3,0,16437,16395,16505,16405
3,0,16437,16395,16505,16410
3,0,16437,16395,16505,16413
3,0,16437,16395,16506,16364
3,0,16437,16395,16506,16366
3,0,16437,16395,16506,16367
3,0,16437,16395,16506,16368
3,0,16437,16395,16506,16369
3,0,16437,16395,16506,16370
3,0,16437,16395,16506,16371
3,0,16437,16395,16506,16372
3,0,16437,16395,16506,16373
3,0,16437,16395,16506,16374
3,0,16437,16395,16506,16375
3,0,16437,16395,16506,16376
3,0,16437,16395,16506,16377
3,0,16437,16395,16506,16379
3,0,16437,16395,16506,16392
3,0,16437,16395,16506,16393
3,0,16437,16395,16506,16394
3,0,16437,16395,16506,16395
3,0,16437,16395,16506,16396
3,0,16437,16395,16506,16401
3,0,16437,16395,16506,16402
3,0,16437,16395,16506,16405
3,0,16437,16395,16506,16406
3,0,16437,16395,16506,16407
3,0,16437,16395,16506,16409
3,0,16437,16395,16506,16412
3,0,16437,16395,16507,16369
3,0,16437,16395,16507,16370
3,0,16437,16395,16507,16371
3,0,16437,16395,16507,16373
3,0,16437,16395,16507,16374
3,0,16437,16395,16507,16376
3,0,16437,16395,16507,16377
3,0,16437,16395,16507,16378
3,0,16437,16395,16507,16379
3,0,16437,16395,16507,16381
3,0,16437,16395,16507,16392
3,0,16437,16395,16507,16394
3,0,16437,16395,16507,16395
3,0,16437,16395,16507,16397
3,0,16437,16395,16507,16401
3,0,16437,16395,16507,16403
3,0,16437,16395,16507,16404
3,0,16437,16395,16507,16405
3,0,16437,16395,16507,16407
3,0,16437,16395,16507,16410
3,0,16437,16395,16507,16412
3,0,16437,16395,16507,16413
3,0,16437,16395,16507,16414
3,0,16437,16395,16508,16366
3,0,16437,16395,16508,16368
3,0,16437,16395,16508,16369
3,0,16437,16395,16508,16372
3,0,16437,16395,16508,16373
3,0,16437,16395,16508,16374
3,0,16437,16395,16508,16375
3,0,16437,16395,16508,16376
3,0,16437,16395,16508,16378
3,0,16437,16395,16508,16381
3,0,16437,16395,16508,16382
3,0,16437,16395,16508,16383
3,0,16437,16395,16508,16393
3,0,16437,16395,16508,16395
3,0,16437,16395,16508,16399
3,0,16437,16395,16508,16401
3,0,16437,16395,16508,16402
3,0,16437,16395,16508,16403
3,0,16437,16395,16509,16366
3,0,16437,16395,16509,16369
3,0,16437,16395,16509,16370
3,0,16437,16395,16509,16371
3,0,16437,16395,16509,16372
3,0,16437,16395,16509,16374
3,0,16437,16395,16509,16375
3,0,16437,16395,16509,16378
3,0,16437,16395,16509,16383
3,0,16437,16395,16509,16391
3,0,16437,16395,16509,16392
3,0,16437,16395,16509,16395
3,0,16437,16395,16509,16396
3,0,16437,16395,16509,16397
3,0,16437,16395,16509,16399
3,0,16437,16395,16509,16400
3,0,16437,16395,16509,16404
3,0,16437,16395,16509,16405
3,0,16437,16395,16510,16367
3,0,16437,16395,16510,16368
3,0,16437,16395,16510,16370
3,0,16437,16395,16510,16371
3,0,16437,16395,16510,16372
3,0,16437,16395,16510,16373
3,0,16437,16395,16510,16375
3,0,16437,16395,16510,16376
3,0,16437,16395,16510,16377
3,0,16437,16395,16510,16378
3,0,16437,16395,16510,16379
3,0,16437,16395,16510,16380
3,0,16437,16395,16510,16381
3,0,16437,16395,16510,16382
3,0,16437,16395,16510,16383
3,0,16437,16395,16510,16392
3,0,16437,16395,16510,16394
3,0,16437,16395,16510,16395
3,0,16437,16395,16510,16396
3,0,16437,16395,16510,16397
3,0,16437,16395,16510,16399
3,0,16437,16395,16510,16400
3,0,16437,16395,16511,16367
3,0,16437,16395,16511,16368
3,0,16437,16395,16511,16370
3,0,16437,16395,16511,16371
3,0,16437,16395,16511,16372
3,0,16437,16395,16511,16373
3,0,16437,16395,16511,16374
3,0,16437,16395,16511,16375
3,0,16437,16395,16511,16377
3,0,16437,16395,16511,16378
3,0,16437,16395,16511,16379
3,0,16437,16395,16511,16380
3,0,16437,16395,16511,16381
3,0,16437,16395,16511,16382
3,0,16437,16395,16511,16384
3,0,16437,16395,16511,16392
3,0,16437,16395,16511,16393
3,0,16437,16395,16511,16395
3,0,16437,16395,16511,16396
3,0,16437,16395,16511,16401
3,0,16437,16395,16512,16368
3,0,16437,16395,16512,16369
3,0,16437,16395,16512,16371
3,0,16437,16395,16512,16372
3,0,16437,16395,16512,16373
3,0,16437,16395,16512,16375
3,0,16437,16395,16512,16395
3,0,16437,16395,16512,16397
3,0,16437,16395,16512,16401
3,0,16437,16395,16513,16364
3,0,16437,16395,16513,16366
3,0,16437,16395,16513,16368
3,0,16437,16395,16513,16370
3,0,16437,16395,16513,16371
3,0,16437,16395,16513,16372
3,0,16437,16395,16513,16373
3,0,16437,16395,16513,16374
3,0,16437,16395,16513,16375
3,0,16437,16395,16513,16378
3,0,16437,16395,16513,16379
3,0,16437,16395,16513,16394
3,0,16437,16395,16513,16395
3,0,16437,16395,16513,16396
3,0,16437,16395,16513,16398
3,0,16437,16395,16513,16400
3,0,16437,16395,16514,16365
3,0,16437,16395,16514,16366
3,0,16437,16395,16514,16367
3,0,16437,16395,16514,16369
3,0,16437,16395,16514,16370
3,0,16437,16395,16514,16371
3,0,16437,16395,16514,16372
3,0,16437,16395,16514,16373
3,0,16437,16395,16514,16375
3,0,16437,16395,16514,16376
3,0,16437,16395,16514,16377
3,0,16437,16395,16514,16378
3,0,16437,16395,16514,16379
3,0,16437,16395,16514,16397
3,0,16437,16395,16514,16401
3,0,16437,16395,16514,16402
3,0,16437,16395,16515,16363
3,0,16437,16395,16515,16365
3,0,16437,16395,16515,16367
3,0,16437,16395,16515,16368
3,0,16437,16395,16515,16370
3,0,16437,16395,16515,16371
3,0,16437,16395,16515,16373
3,0,16437,16395,16515,16374
3,0,16437,16395,16515,16375
3,0,16437,16395,16515,16377
3,0,16437,16395,16515,16378
3,0,16437,16395,16515,16379
3,0,16437,16395,16515,16380
3,0,16437,16395,16515,16395
3,0,16437,16395,16515,16396
3,0,16437,16395,16515,16397
3,0,16437,16395,16515,16399
3,0,16437,16395,16515,16400
3,0,16437,16395,16515,16401
3,0,16437,16395,16516,16363
3,0,16437,16395,16516,16366
3,0,16437,16395,16516,16367
3,0,16437,16395,16516,16368
3,0,16437,16395,16516,16370
3,0,16437,16395,16516,16371
3,0,16437,16395,16516,16373
3,0,16437,16395,16516,16374
3,0,16437,16395,16516,16375
3,0,16437,16395,16516,16376
3,0,16437,16395,16516,16377
3,0,16437,16395,16516,16379
3,0,16437,16395,16516,16396
3,0,16437,16395,16516,16399
3,0,16437,16395,16516,16400
3,0,16437,16395,16516,16402
3,0,16437,16395,16516,16403
3,0,16437,16395,16517,16363
3,0,16437,16395,16517,16364
3,0,16437,16395,16517,16365
3,0,16437,16395,16517,16368
3,0,16437,16395,16517,16370
3,0,16437,16395,16517,16371
3,0,16437,16395,16517,16373
3,0,16437,16395,16517,16374
3,0,16437,16395,16517,16375
3,0,16437,16395,16517,16399
3,0,16437,16395,16517,16403
3,0,16437,16395,16518,16364
3,0,16437,16395,16518,16367
3,0,16437,16395,16518,16369
3,0,16437,16395,16518,16371
3,0,16437,16395,16518,16372
3,0,16437,16395,16518,16373
3,0,16437,16395,16518,16374
3,0,16437,16395,16518,16376
3,0,16437,16395,16518,16377
3,0,16437,16395,16518,16378
3,0,16437,16395,16518,16379
3,0,16437,16395,16518,16381
3,0,16437,16395,16518,16403
3,0,16437,16395,16519,16362
3,0,16437,16395,16519,16363
3,0,16437,16395,16519,16365
3,0,16437,16395,16519,16367
3,0,16437,16395,16519,16368
3,0,16437,16395,16519,16369
3,0,16437,16395,16519,16370
3,0,16437,16395,16519,16371
3,0,16437,16395,16519,16372
3,0,16437,16395,16519,16373
3,0,16437,16395,16519,16374
3,0,16437,16395,16519,16375
3,0,16437,16395,16519,16376
3,0,16437,16395,16519,16377
3,0,16437,16395,16519,16378
3,0,16437,16395,16519,16380
3,0,16437,16395,16519,16382
3,0,16437,16395,16519,16400
3,0,16437,16395,16519,16401
3,0,16437,16395,16519,16402
3,0,16437,16395,16520,16362
3,0,16437,16395,16520,16363
3,0,16437,16395,16520,16364
3,0,16437,16395,16520,16365
3,0,16437,16395,16520,16367
3,0,16437,16395,16520,16368
3,0,16437,16395,16520,16369
3,0,16437,16395,16520,16370
3,0,16437,16395,16520,16371
3,0,16437,16395,16520,16372
3,0,16437,16395,16520,16373
3,0,16437,16395,16520,16375
3,0,16437,16395,16520,16376
3,0,16437,16395,16520,16377
3,0,16437,16395,16520,16378
3,0,16437,16395,16520,16382
3,0,16437,16395,16520,16384
3,0,16437,16395,16520,16399
3,0,16437,16395,16520,16400
3,0,16437,16395,16520,16401
3,0,16437,16395,16521,16362
3,0,16437,16395,16521,16364
3,0,16437,16395,16521,16365
3,0,16437,16395,16521,16369
3,0,16437,16395,16521,16370
3,0,16437,16395,16521,16371
3,0,16437,16395,16521,16372
3,0,16437,16395,16521,16373
3,0,16437,16395,16521,16374
3,0,16437,16395,16521,16375
3,0,16437,16395,16521,16376
3,0,16437,16395,16521,16377
3,0,16437,16395,16521,16380
3,0,16437,16395,16521,16383
3,0,16437,16395,16521,16399
3,0,16437,16395,16521,16401
3,0,16437,16395,16522,16360
3,0,16437,16395,16522,16362
3,0,16437,16395,16522,16364
3,0,16437,16395,16522,16368
3,0,16437,16395,16522,16369
3,0,16437,16395,16522,16370
3,0,16437,16395,16522,16372
3,0,16437,16395,16522,16373
3,0,16437,16395,16522,16374
3,0,16437,16395,16522,16375
3,0,16437,16395,16522,16376
3,0,16437,16395,16522,16378
3,0,16437,16395,16522,16379
3,0,16437,16395,16522,16381
3,0,16437,16395,16522,16402
3,0,16437,16395,16523,16361
3,0,16437,16395,16523,16363
3,0,16437,16395,16523,16364
3,0,16437,16395,16523,16365
3,0,16437,16395,16523,16368
3,0,16437,16395,16523,16373
3,0,16437,16395,16523,16374
3,0,16437,16395,16523,16375
3,0,16437,16395,16523,16377
3,0,16437,16395,16523,16379
3,0,16437,16395,16523,16380
3,0,16437,16395,16523,16402
3,0,16437,16395,16523,16403
3,0,16437,16395,16524,16363
3,0,16437,16395,16524,16364
3,0,16437,16395,16524,16366
3,0,16437,16395,16524,16367
3,0,16437,16395,16524,16371
3,0,16437,16395,16524,16372
3,0,16437,16395,16524,16373
3,0,16437,16395,16524,16374
3,0,16437,16395,16524,16377
3,0,16437,16395,16524,16378
3,0,16437,16395,16524,16379
3,0,16437,16395,16524,16380
3,0,16437,16395,16525,16362
3,0,16437,16395,16525,16363
3,0,16437,16395,16525,16366
3,0,16437,16395,16525,16367
3,0,16437,16395,16525,16368
3,0,16437,16395,16525,16369
3,0,16437,16395,16525,16370
3,0,16437,16395,16525,16371
3,0,16437,16395,16525,16372
3,0,16437,16395,16525,16373
3,0,16437,16395,16525,16374
3,0,16437,16395,16525,16375
3,0,16437,16395,16525,16376
3,0,16437,16395,16525,16377
3,0,16437,16395,16525,16378
3,0,16437,16395,16525,16379
3,0,16437,16395,16525,16380
3,0,16437,16395,16525,16381
3,0,16437,16395,16525,16382
3,0,16437,16395,16526,16363
3,0,16437,16395,16526,16364
3,0,16437,16395,16526,16366
3,0,16437,16395,16526,16367
3,0,16437,16395,16526,16368
3,0,16437,16395,16526,16370
3,0,16437,16395,16526,16372
3,0,16437,16395,16526,16374
3,0,16437,16395,16526,16376
3,0,16437,16395,16526,16378
3,0,16437,16395,16526,16379
3,0,16437,16395,16526,16380
3,0,16437,16395,16526,16381
3,0,16437,16395,16526,16383
3,0,16437,16395,16527,16362
3,0,16437,16395,16527,16365
3,0,16437,16395,16527,16367
3,0,16437,16395,16527,16368
3,0,16437,16395,16527,16369
3,0,16437,16395,16527,16370
3,0,16437,16395,16527,16371
3,0,16437,16395,16527,16373
3,0,16437,16395,16527,16375
3,0,16437,16395,16527,16376
3,0,16437,16395,16527,16377
3,0,16437,16395,16527,16378
3,0,16437,16395,16527,16379
3,0,16437,16395,16527,16381
3,0,16437,16395,16527,16382
3,0,16437,16395,16528,16361
3,0,16437,16395,16528,16363
3,0,16437,16395,16528,16364
3,0,16437,16395,16528,16366
3,0,16437,16395,16528,16367
3,0,16437,16395,16528,16369
3,0,16437,16395,16528,16370
3,0,16437,16395,16528,16371
3,0,16437,16395,16528,16372
3,0,16437,16395,16528,16373
3,0,16437,16395,16528,16374
3,0,16437,16395,16528,16376
3,0,16437,16395,16528,16378
3,0,16437,16395,16528,16379
3,0,16437,16395,16528,16380
3,0,16437,16395,16528,16381
3,0,16437,16395,16528,16382
3,0,16437,16395,16529,16363
3,0,16437,16395,16529,16365
3,0,16437,16395,16529,16366
3,0,16437,16395,16529,16367
3,0,16437,16395,16529,16368
3,0,16437,16395,16529,16369
3,0,16437,16395,16529,16370
3,0,16437,16395,16529,16371
3,0,16437,16395,16529,16373
3,0,16437,16395,16529,16375
3,0,16437,16395,16529,16377
3,0,16437,16395,16529,16379
3,0,16437,16395,16529,16381
3,0,16437,16395,16530,16360
3,0,16437,16395,16530,16362
3,0,16437,16395,16530,16365
3,0,16437,16395,16530,16366
3,0,16437,16395,16530,16369
3,0,16437,16395,16530,16372
3,0,16437,16395,16530,16374
3,0,16437,16395,16530,16376
3,0,16437,16395,16530,16378
3,0,16437,16395,16530,16379
3,0,16437,16395,16530,16380
3,0,16437,16395,16530,16383
3,0,16437,16395,16531,16360
3,0,16437,16395,16531,16361
3,0,16437,16395,16531,16364
3,0,16437,16395,16531,16366
3,0,16437,16395,16531,16367
3,0,16437,16395,16531,16368
3,0,16437,16395,16531,16371
3,0,16437,16395,16531,16372
3,0,16437,16395,16531,16374
3,0,16437,16395,16531,16376
3,0,16437,16395,16531,16377
3,0,16437,16395,16531,16382
3,0,16437,16395,16532,16362
3,0,16437,16395,16532,16365
3,0,16437,16395,16532,16366
3,0,16437,16395,16532,16368
3,0,16437,16395,16532,16369
3,0,16437,16395,16532,16370
3,0,16437,16395,16532,16371
3,0,16437,16395,16532,16372
3,0,16437,16395,16532,16374
3,0,16437,16395,16532,16375
3,0,16437,16395,16532,16376
3,0,16437,16395,16532,16378
3,0,16437,16395,16532,16379
3,0,16437,16395,16532,16381
3,0,16437,16395,16532,16382
3,0,16437,16395,16533,16367
3,0,16437,16395,16533,16369
3,0,16437,16395,16533,16370
3,0,16437,16395,16533,16371
3,0,16437,16395,16533,16372
3,0,16437,16395,16533,16373
3,0,16437,16395,16533,16375
3,0,16437,16395,16533,16376
3,0,16437,16395,16533,16377
3,0,16437,16395,16533,16379
3,0,16437,16395,16533,16380
3,0,16437,16395,16533,16381
3,0,16437,16395,16533,16382
3,0,16437,16395,16534,16363
3,0,16437,16395,16534,16364
3,0,16437,16395,16534,16366
3,0,16437,16395,16534,16368
3,0,16437,16395,16534,16369
3,0,16437,16395,16534,16370
3,0,16437,16395,16534,16371
3,0,16437,16395,16534,16372
3,0,16437,16395,16534,16373
3,0,16437,16395,16534,16374
3,0,16437,16395,16534,16375
3,0,16437,16395,16534,16376
3,0,16437,16395,16534,16382
3,0,16437,16395,16534,16383
3,0,16437,16395,16535,16363
3,0,16437,16395,16535,16365
3,0,16437,16395,16535,16368
3,0,16437,16395,16535,16369
3,0,16437,16395,16535,16371
3,0,16437,16395,16535,16374
3,0,16437,16395,16535,16375
3,0,16437,16395,16535,16376
3,0,16437,16395,16535,16377
3,0,16437,16395,16535,16378
3,0,16437,16395,16535,16379
3,0,16437,16395,16535,16383
3,0,16437,16395,16536,16364
3,0,16437,16395,16536,16365
3,0,16437,16395,16536,16368
3,0,16437,16395,16536,16369
3,0,16437,16395,16536,16374
3,0,16437,16395,16536,16379
3,0,16437,16395,16536,16381
3,0,16437,16395,16537,16360
3,0,16437,16395,16537,16362
3,0,16437,16395,16537,16363
3,0,16437,16395,16537,16364
3,0,16437,16395,16537,16365
3,0,16437,16395,16537,16366
3,0,16437,16395,16537,16367
3,0,16437,16395,16537,16368
3,0,16437,16395,16537,16369
3,0,16437,16395,16537,16370
3,0,16437,16395,16537,16371
3,0,16437,16395,16537,16372
3,0,16437,16395,16537,16373
3,0,16437,16395,16537,16374
3,0,16437,16395,16537,16375
3,0,16437,16395,16537,16376
3,0,16437,16395,16537,16377
3,0,16437,16395,16537,16378
3,0,16437,16395,16537,16380
3,0,16437,16395,16538,16361
3,0,16437,16395,16538,16362
3,0,16437,16395,16538,16364
3,0,16437,16395,16538,16366
3,0,16437,16395,16538,16367
3,0,16437,16395,16538,16368
3,0,16437,16395,16538,16369
3,0,16437,16395,16538,16370
3,0,16437,16395,16538,16371
3,0,16437,16395,16538,16373
3,0,16437,16395,16538,16374
3,0,16437,16395,16538,16379
3,0,16437,16395,16538,16381
3,0,16437,16395,16539,16361
3,0,16437,16395,16539,16365
3,0,16437,16395,16539,16368
3,0,16437,16395,16539,16369
3,0,16437,16395,16539,16370
3,0,16437,16395,16539,16371
3,0,16437,16395,16539,16372
3,0,16437,16395,16539,16377
3,0,16437,16395,16539,16378
3,0,16437,16395,16540,16360
3,0,16437,16395,16540,16364
3,0,16437,16395,16540,16365
3,0,16437,16395,16540,16366
3,0,16437,16395,16540,16369
3,0,16437,16395,16540,16373
3,0,16437,16395,16540,16376
3,0,16437,16395,16540,16377
3,0,16437,16395,16541,16361
3,0,16437,16395,16541,16363
3,0,16437,16395,16541,16365
3,0,16437,16395,16541,16367
3,0,16437,16395,16541,16369
3,0,16437,16395,16541,16370
3,0,16437,16395,16541,16371
3,0,16437,16395,16541,16373
3,0,16437,16395,16541,16374
3,0,16437,16395,16541,16375
3,0,16437,16395,16541,16376
3,0,16437,16395,16542,16363
3,0,16437,16395,16542,16367
3,0,16437,16395,16542,16368
3,0,16437,16395,16542,16369
3,0,16437,16395,16542,16370
3,0,16437,16395,16542,16372
3,0,16437,16395,16542,16373
3,0,16437,16395,16542,16374
3,0,16437,16395,16542,16375
3,0,16437,16395,16542,16377
3,0,16437,16395,16543,16365
3,0,16437,16395,16543,16366
3,0,16437,16395,16543,16367
3,0,16437,16395,16543,16370
3,0,16437,16395,16543,16373
3,0,16437,16395,16543,16374
3,0,16437,16395,16544,16364
3,0,16437,16395,16544,16366
3,0,16437,16395,16544,16367
3,0,16437,16395,16544,16369
3,0,16437,16395,16544,16372
3,0,16437,16395,16544,16375
3,0,16437,16395,16544,16376
3,0,16437,16395,16544,16377
3,0,16437,16395,16544,16380
3,0,16437,16395,16544,16381
3,0,16437,16395,16545,16364
3,0,16437,16395,16545,16365
3,0,16437,16395,16545,16367
3,0,16437,16395,16545,16368
3,0,16437,16395,16545,16369
3,0,16437,16395,16545,16370
3,0,16437,16395,16545,16371
3,0,16437,16395,16545,16374
3,0,16437,16395,16545,16377
3,0,16437,16395,16545,16379
3,0,16437,16395,16546,16366
3,0,16437,16395,16546,16367
3,0,16437,16395,16546,16368
3,0,16437,16395,16546,16370
3,0,16437,16395,16546,16373
3,0,16437,16395,16546,16378
3,0,16437,16395,16546,16380
3,0,16437,16395,16547,16364
3,0,16437,16395,16547,16366
3,0,16437,16395,16547,16368
3,0,16437,16395,16547,16372
3,0,16437,16395,16547,16374
3,0,16437,16395,16547,16375
3,0,16437,16395,16547,16376
3,0,16437,16395,16548,16365
3,0,16437,16395,16548,16367
3,0,16437,16395,16548,16371
3,0,16437,16395,16548,16374
3,0,16437,16395,16549,16368
3,0,16437,16395,16549,16369
3,0,16437,16395,16549,16370
3,0,16437,16395,16549,16372
3,0,16437,16395,16549,16373
3,0,16437,16395,16550,16373
3,0,16437,16395,16551,16373
3,0,16437,16395,16552,16372
3,0,16437,16395,16552,16374
3,0,16437,16395,16553,16373
3,0,16437,16395,16554,16373
3,1,16455,16411,16455,16411
3,2,16457,16411,16457,16411
3,3,16458,16378,16458,16378
3,4,16458,16409,16458,16409
3,5,16459,16392,16459,16392
3,5,16459,16392,16459,16393
3,6,16459,16412,16459,16412
3,7,16460,16389,16460,16389
3,8,16460,16415,16460,16415
3,8,16460,16415,16461,16414
3,9,16462,16409,16462,16409
3,9,16462,16409,16463,16409
3,10,16462,16412,16462,16412
3,11,16489,16366,16489,16366
3,11,16489,16366,16490,16365
3,11,16489,16366,16490,16366
3,12,16494,16411,16494,16411
3,12,16494,16411,16495,16411
3,12,16494,16411,16496,16411
3,13,16508,16364,16508,16364
3,13,16508,16364,16509,16363
3,13,16508,16364,16509,16364
3,14,16509,16361,16509,16361
3,15,16509,16408,16509,16408
3,15,16509,16408,16510,16407
3,15,16509,16408,16511,16407
3,16,16510,16412,16510,16412
3,16,16510,16412,16510,16413
3,16,16510,16412,16511,16412
3,16,16510,16412,16511,16414
3,16,16510,16412,16511,16415
3,16,16510,16412,16512,16414
3,16,16510,16412,16512,16415
3,16,16510,16412,16513,16412
3,16,16510,16412,16513,16414
3,16,16510,16412,16514,16413
3,16,16510,16412,16514,16414
3,16,16510,16412,16514,16415
3,16,16510,16412,16515,16416
3,17,16511,16362,16511,16362
3,18,16511,16403,16511,16403
3,18,16511,16403,16512,16403
3,19,16511,16405,16511,16405
3,20,16512,16409,16512,16409
3,20,16512,16409,16513,16408
3,21,16513,16381,16513,16381
3,22,16513,16383,16513,16383
3,23,16513,16405,16513,16405
3,24,16515,16383,16515,16383
3,25,16515,16405,16515,16405
3,26,16515,16407,16515,16407
3,26,16515,16407,16516,16408
3,26,16515,16407,16517,16407
3,26,16515,16407,16518,16408
3,26,16515,16407,16518,16409
3,26,16515,16407,16519,16407
3,26,16515,16407,16520,16406
3,27,16516,16360,16516,16360
3,28,16516,16410,16516,16410
3,29,16516,16414,16516,16414
3,29,16516,16414,16517,16414
3,29,16516,16414,16517,16415
3,29,16516,16414,16518,16414
3,29,16516,16414,16518,16416
3,29,16516,16414,16519,16416
3,29,16516,16414,16520,16414
3,29,16516,16414,16520,16415
3,29,16516,16414,16521,16414
3,29,16516,16414,16521,16415
3,30,16517,16384,16517,16384
3,31,16517,16394,16517,16394
3,32,16517,16405,16517,16405
3,33,16518,16396,16518,16396
3,33,16518,16396,16518,16397
3,34,16519,16360,16519,16360
3,35,16519,16418,16519,16418
3,35,16519,16418,16520,16418
3,36,16520,16397,16520,16397
3,37,16520,16410,16520,16410
3,37,16520,16410,16521,16410
3,37,16520,16410,16522,16408
3,37,16520,16410,16522,16409
3,37,16520,16410,16523,16410
3,37,16520,16410,16524,16408
3,37,16520,16410,16524,16409
3,37,16520,16410,16525,16407
3,37,16520,16410,16525,16408
3,38,16521,16412,16521,16412
3,38,16521,16412,16522,16412
3,39,16522,16397,16522,16397
3,40,16523,16416,16523,16416
3,40,16523,16416,16524,16416
3,40,16523,16416,16524,16418
3,40,16523,16416,16525,16417
3,40,16523,16416,16526,16415
3,40,16523,16416,16526,16416
3,41,16524,16398,16524,16398
3,41,16524,16398,16524,16399
3,42,16524,16420,16524,16420
3,43,16525,16359,16525,16359
3,43,16525,16359,16525,16360
3,43,16525,16359,16526,16359
3,44,16525,16403,16525,16403
3,44,16525,16403,16525,16404
3,44,16525,16403,16526,16399
3,44,16525,16403,16526,16400
3,44,16525,16403,16526,16402
3,44,16525,16403,16526,16404
3,44,16525,16403,16526,16405
3,44,16525,16403,16527,16401
3,44,16525,16403,16527,16403
3,44,16525,16403,16527,16404
3,44,16525,16403,16527,16405
3,44,16525,16403,16527,16406
3,44,16525,16403,16528,16401
3,44,16525,16403,16528,16403
3,44,16525,16403,16528,16404
3,45,16527,16410,16527,16410
3,45,16527,16410,16528,16410
3,45,16527,16410,16529,16409
3,45,16527,16410,16529,16411
3,45,16527,16410,16530,16404
3,45,16527,16410,16530,16406
3,45,16527,16410,16530,16407
3,45,16527,16410,16530,16408
3,45,16527,16410,16530,16410
3,45,16527,16410,16531,16402
3,45,16527,16410,16531,16403
3,45,16527,16410,16531,16405
3,45,16527,16410,16531,16408
3,45,16527,16410,16532,16404
3,46,16527,16419,16527,16419
3,46,16527,16419,16527,16420
3,46,16527,16419,16528,16419
3,46,16527,16419,16528,16421
3,46,16527,16419,16529,16420
3,46,16527,16419,16530,16419
3,46,16527,16419,16531,16419
3,47,16530,16358,16530,16358
3,48,16530,16417,16530,16417
3,49,16531,16400,16531,16400
3,50,16532,16358,16532,16358
3,50,16532,16358,16533,16357
3,51,16532,16410,16532,16410
3,51,16532,16410,16533,16410
3,51,16532,16410,16534,16410
3,51,16532,16410,16534,16411
3,51,16532,16410,16535,16410
3,51,16532,16410,16535,16411
3,51,16532,16410,16535,16412
3,51,16532,16410,16536,16412
3,51,16532,16410,16537,16411
3,51,16532,16410,16538,16412
3,52,16532,16412,16532,16412
3,53,16532,16423,16532,16423
3,54,16533,16408,16533,16408
3,55,16533,16421,16533,16421
3,55,16533,16421,16534,16417
3,55,16533,16421,16534,16418
3,55,16533,16421,16534,16420
3,55,16533,16421,16535,16419
3,55,16533,16421,16535,16420
3,56,16534,16361,16534,16361
3,56,16534,16361,16535,16361
3,57,16534,16405,16534,16405
3,57,16534,16405,16535,16404
3,57,16534,16405,16535,16405
3,57,16534,16405,16536,16404
3,57,16534,16405,16537,16403
3,58,16534,16426,16534,16426
3,59,16535,16359,16535,16359
3,59,16535,16359,16536,16357
3,59,16535,16359,16536,16358
3,60,16536,16425,16536,16425
3,61,16537,16406,16537,16406
3,61,16537,16406,16538,16406
3,62,16537,16423,16537,16423
3,62,16537,16423,16538,16423
3,62,16537,16423,16538,16424
3,63,16538,16418,16538,16418
3,63,16538,16418,16538,16419
3,63,16538,16418,16539,16419
3,63,16538,16418,16540,16420
3,64,16539,16403,16539,16403
3,64,16539,16403,16539,16404
3,64,16539,16403,16540,16405
3,64,16539,16403,16540,16406
3,65,16540,16408,16540,16408
3,66,16540,16413,16540,16413
3,66,16540,16413,16541,16413
3,66,16540,16413,16541,16414
3,66,16540,16413,16542,16414
3,67,16540,16427,16540,16427
3,67,16540,16427,16541,16427
3,68,16541,16379,16541,16379
3,68,16541,16379,16541,16380
3,68,16541,16379,16542,16379
3,68,16541,16379,16542,16380
3,69,16541,16382,16541,16382
3,70,16543,16361,16543,16361
3,71,16543,16404,16543,16404
3,72,16545,16383,16545,16383
3,72,16545,16383,16546,16382
3,72,16545,16383,16547,16382
3,73,16545,16409,16545,16409
3,74,16545,16413,16545,16413
3,75,16545,16428,16545,16428
3,75,16545,16428,16546,16429
3,76,16547,16360,16547,16360
3,77,16547,16410,16547,16410
3,78,16547,16415,16547,16415
3,78,16547,16415,16548,16416
3,79,16548,16362,16548,16362
3,79,16548,16362,16549,16362
3,79,16548,16362,16549,16363
3,79,16548,16362,16550,16364
3,79,16548,16362,16550,16365
3,79,16548,16362,16550,16366
3,79,16548,16362,16551,16365
3,80,16549,16379,16549,16379
3,81,16549,16409,16549,16409
3,81,16549,16409,16550,16409
3,81,16549,16409,16550,16410
3,82,16549,16418,16549,16418
3,83,16549,16431,16549,16431
3,84,16550,16375,16550,16375
3,84,16550,16375,16550,16376
3,84,16550,16375,16550,16377
3,84,16550,16375,16551,16376
3,84,16550,16375,16551,16377
3,85,16550,16414,16550,16414
3,85,16550,16414,16551,16415
3,86,16551,16368,16551,16368
3,86,16551,16368,16551,16369
3,86,16551,16368,16552,16367
3,86,16551,16368,16552,16368
3,86,16551,16368,16552,16369
3,86,16551,16368,16553,16365
3,86,16551,16368,16553,16366
3,86,16551,16368,16553,16367
3,86,16551,16368,16553,16368
3,86,16551,16368,16553,16370
3,86,16551,16368,16554,16366
3,86,16551,16368,16554,16369
3,86,16551,16368,16555,16367
3,86,16551,16368,16556,16368
3,86,16551,16368,16557,16368
3,87,16551,16381,16551,16381
3,87,16551,16381,16552,16379
3,87,16551,16381,16552,16380
3,87,16551,16381,16553,16376
3,87,16551,16381,16553,16377
3,87,16551,16381,16553,16379
3,87,16551,16381,16554,16375
3,87,16551,16381,16554,16378
3,87,16551,16381,16555,16377
3,87,16551,16381,16556,16378
3,88,16552,16431,16552,16431
3,88,16552,16431,16553,16431
3,89,16553,16362,16553,16362
3,89,16553,16362,16554,16362
3,90,16554,16420,16554,16420
3,90,16554,16420,16555,16419
3,91,16555,16364,16555,16364
3,91,16555,16364,16556,16363
3,91,16555,16364,16556,16365
3,91,16555,16364,16557,16363
3,91,16555,16364,16558,16362
3,91,16555,16364,16559,16363
3,92,16555,16380,16555,16380
3,93,16555,16410,16555,16410
3,93,16555,16410,16556,16411
3,94,16556,16373,16556,16373
3,94,16556,16373,16557,16372
3,94,16556,16373,16557,16374
3,94,16556,16373,16558,16374
3,94,16556,16373,16558,16375
3,94,16556,16373,16558,16376
3,95,16558,16359,16558,16359
3,96,16558,16370,16558,16370
3,96,16558,16370,16559,16371
3,96,16558,16370,16559,16372
3,97,16558,16431,16558,16431
3,98,16560,16361,16560,16361
3,99,16560,16366,16560,16366
3,99,16560,16366,16561,16365
3,99,16560,16366,16562,16366
3,99,16560,16366,16563,16365
3,100,16561,16363,16561,16363
3,100,16561,16363,16562,16362
3,101,16561,16372,16561,16372
3,102,16561,16419,16561,16419
3,102,16561,16419,16562,16419
3,103,16562,16369,16562,16369
3,104,16562,16377,16562,16377
3,105,16563,16372,16563,16372
3,106,16565,16368,16565,16368
3,106,16565,16368,16565,16369
3,107,16568,16373,16568,16373
