frame_index,bag_timestamp_ns,map_stamp_ns,component_index,stable_key_x,stable_key_y,exact_columns,area,horizontal_span,representative_x,representative_y,representative_z,unknown_direction_x,unknown_direction_y,unknown_direction_z,information_gain,direction_consistency,direction_votes_pos_x,direction_votes_pos_y,direction_votes_neg_x,direction_votes_neg_y,xy_min_x,xy_min_y,xy_max_x,xy_max_y,rejection,columns_complete,edges_complete
3,1784164312999738429,1784164310186407576,0,16437,16395,2220,88.800003052,25.904827118,20.554161072,0.427001208,0.126202419,0.000000000,1.000000000,0.000000000,28387.000000000,0.280163467,7779,7953,6094,6561,10.649999619,-4.750000000,34.150001526,6.150000095,Direction,1,1
3,1784164312999738429,1784164310186407576,1,16455,16411,1,0.040000003,0.141421899,14.305379868,5.497692108,-0.439230680,0.000000000,1.000000000,0.000000000,20.000000000,1.000000000,0,20,0,0,14.250000000,5.449999809,14.350000381,5.550000191,Columns,1,1
3,1784164312999738429,1784164310186407576,2,16457,16411,1,0.040000003,0.141421899,14.706794739,5.495678902,-0.248765528,0.000000000,1.000000000,0.000000000,22.000000000,1.000000000,0,22,0,0,14.649999619,5.449999809,14.750000000,5.550000191,Columns,1,1
3,1784164312999738429,1784164310186407576,3,16458,16378,1,0.040000003,0.141420975,14.900291443,-1.099091291,0.500909090,0.000000000,-1.000000000,0.000000000,5.000000000,1.000000000,0,0,0,5,14.850000381,-1.149999976,14.949999809,-1.049999952,Columns,1,1
3,1784164312999738429,1784164310186407576,4,16458,16409,1,0.040000003,0.141420886,14.898342133,5.103841782,-0.069780305,1.000000000,0.000000000,0.000000000,18.000000000,1.000000000,18,0,0,0,14.850000381,5.050000191,14.949999809,5.150000095,Columns,1,1
3,1784164312999738429,1784164310186407576,5,16459,16392,2,0.080000006,0.316227645,15.100577354,1.796668410,0.436666727,0.000000000,1.000000000,0.000000000,12.000000000,0.583333313,0,7,5,0,15.050000191,1.649999976,15.149999619,1.950000048,Columns,1,1
3,1784164312999738429,1784164310186407576,6,16459,16412,1,0.040000003,0.141420886,15.098689079,5.705261707,-0.103947304,0.000000000,1.000000000,0.000000000,22.000000000,1.000000000,0,22,0,0,15.050000191,5.650000095,15.149999619,5.750000000,Columns,1,1
3,1784164312999738429,1784164310186407576,7,16460,16389,1,0.040000003,0.141421646,15.301117897,1.100000262,0.498888910,-1.000000000,0.000000000,0.000000000,5.000000000,1.000000000,0,0,5,0,15.250000000,1.049999952,15.350000381,1.149999976,Columns,1,1
3,1784164312999738429,1784164310186407576,8,16460,16415,2,0.080000006,0.424264014,15.412615776,6.183643341,-0.038785055,0.000000000,1.000000000,0.000000000,37.000000000,1.000000000,0,37,0,0,15.250000000,6.050000191,15.550000191,6.349999905,Columns,1,1
3,1784164312999738429,1784164310186407576,9,16462,16409,2,0.080000006,0.316227913,15.753290176,5.100544930,0.346703321,0.000000000,1.000000000,0.000000000,24.000000000,1.000000000,0,24,0,0,15.649999619,5.050000191,15.949999809,5.150000095,Columns,1,1
3,1784164312999738429,1784164310186407576,10,16462,16412,1,0.040000003,0.141421556,15.700913429,5.697271347,0.335454583,0.000000000,-1.000000000,0.000000000,12.000000000,1.000000000,0,0,0,12,15.649999619,5.650000095,15.750000000,5.750000000,Columns,1,1
3,1784164312999738429,1784164310186407576,11,16489,16366,3,0.120000005,0.360556096,21.217409134,-3.507302999,0.145505652,0.000000000,-1.000000000,0.000000000,20.000000000,0.449999988,5,0,6,9,21.049999237,-3.650000095,21.350000381,-3.450000048,Columns,1,1
3,1784164312999738429,1784164310186407576,12,16494,16411,3,0.120000005,0.509902000,22.325420380,5.495763302,0.068644054,0.000000000,1.000000000,0.000000000,43.000000000,0.604651153,0,26,17,0,22.049999237,5.449999809,22.549999237,5.550000191,Columns,1,1
3,1784164312999738429,1784164310186407576,13,16508,16364,3,0.120000005,0.424263656,25.036457062,-3.950585842,-0.133529410,1.000000000,0.000000000,0.000000000,23.000000000,1.000000000,23,0,0,0,24.850000381,-4.150000095,25.149999619,-3.849999905,Columns,1,1
3,1784164312999738429,1784164310186407576,14,16509,16361,1,0.040000003,0.141421899,25.099994659,-4.489999771,-0.500000000,-1.000000000,0.000000000,0.000000000,7.000000000,1.000000000,0,0,7,0,25.049999237,-4.550000191,25.149999619,-4.449999809,Columns,1,1
3,1784164312999738429,1784164310186407576,15,16509,16408,3,0.120000005,0.583095014,25.293054581,4.769312859,-0.251898646,0.000000000,1.000000000,0.000000000,81.000000000,0.555555582,21,45,15,0,25.049999237,4.650000095,25.549999237,4.949999809,Columns,1,1
3,1784164312999738429,1784164310186407576,16,16510,16412,13,0.520000041,1.421267390,25.750200272,6.023732662,-0.287304491,-1.000000000,0.000000000,0.000000000,246.000000000,0.365853667,89,34,90,33,25.250000000,5.650000095,26.350000381,6.550000191,Direction,1,1
3,1784164312999738429,1784164310186407576,17,16511,16362,1,0.040000003,0.141420215,25.500000000,-4.302500248,-0.287499964,-1.000000000,0.000000000,0.000000000,5.000000000,1.000000000,0,0,5,0,25.450000763,-4.349999905,25.549999237,-4.250000000,Columns,1,1
3,1784164312999738429,1784164310186407576,18,16511,16403,2,0.080000006,0.316227078,25.596422195,3.905230284,-0.169246897,1.000000000,0.000000000,0.000000000,39.000000000,1.000000000,39,0,0,0,25.450000763,3.849999905,25.750000000,3.950000048,Columns,1,1
3,1784164312999738429,1784164310186407576,19,16511,16405,1,0.040000003,0.141420215,25.498075485,4.299040794,-0.383654177,1.000000000,0.000000000,0.000000000,16.000000000,1.000000000,16,0,0,0,25.450000763,4.250000000,25.549999237,4.349999905,Columns,1,1
3,1784164312999738429,1784164310186407576,20,16512,16409,2,0.080000006,0.424265027,25.800277710,4.998350620,-0.232629091,1.000000000,0.000000000,0.000000000,40.000000000,0.675000012,27,0,13,0,25.649999619,4.849999905,25.950000763,5.150000095,Columns,1,1
3,1784164312999738429,1784164310186407576,21,16513,16381,1,0.040000003,0.141421646,25.898553848,-0.508571386,-0.322857350,-1.000000000,0.000000000,0.000000000,6.000000000,1.000000000,0,0,6,0,25.850000381,-0.550000012,25.950000763,-0.449999988,Columns,1,1
3,1784164312999738429,1784164310186407576,22,16513,16383,1,0.040000003,0.141421631,25.896339417,-0.096341461,-0.040243879,1.000000000,0.000000000,0.000000000,5.000000000,1.000000000,5,0,0,0,25.850000381,-0.150000006,25.950000763,-0.050000001,Columns,1,1
3,1784164312999738429,1784164310186407576,23,16513,16405,1,0.040000003,0.141421556,25.900409698,4.297935486,-0.400413454,-1.000000000,0.000000000,0.000000000,23.000000000,1.000000000,0,0,23,0,25.850000381,4.250000000,25.950000763,4.349999905,Columns,1,1
3,1784164312999738429,1784164310186407576,24,16515,16383,1,0.040000003,0.141421631,26.303653717,-0.101219513,-0.064634182,-1.000000000,0.000000000,0.000000000,5.000000000,1.000000000,0,0,5,0,26.250000000,-0.150000006,26.350000381,-0.050000001,Columns,1,1
3,1784164312999738429,1784164310186407576,25,16515,16405,1,0.040000003,0.141421556,26.299558640,4.297749519,-0.062612414,-1.000000000,0.000000000,0.000000000,21.000000000,1.000000000,0,0,21,0,26.250000000,4.250000000,26.350000381,4.349999905,Columns,1,1
3,1784164312999738429,1784164310186407576,26,16515,16407,7,0.280000001,1.303840995,26.803649902,4.780313969,-0.343195140,-1.000000000,0.000000000,0.000000000,110.000000000,0.727272749,30,0,80,0,26.250000000,4.449999809,27.350000381,5.150000095,Columns,1,1
3,1784164312999738429,1784164310186407576,27,16516,16360,1,0.040000003,0.141420215,26.506664276,-4.699999809,-0.383333385,-1.000000000,0.000000000,0.000000000,9.000000000,1.000000000,0,0,9,0,26.450000763,-4.750000000,26.549999237,-4.650000095,Columns,1,1
3,1784164312999738429,1784164310186407576,28,16516,16410,1,0.040000003,0.141420215,26.501485825,5.300496578,-0.206435472,-1.000000000,0.000000000,0.000000000,18.000000000,1.000000000,0,0,18,0,26.450000763,5.250000000,26.549999237,5.349999905,Columns,1,1
3,1784164312999738429,1784164310186407576,29,16516,16414,10,0.400000006,1.208303213,27.040771484,6.228268623,-0.417300820,-1.000000000,0.000000000,0.000000000,177.000000000,0.604519784,70,0,107,0,26.450000763,6.050000191,27.549999237,6.550000191,Columns,1,1
3,1784164312999738429,1784164310186407576,30,16517,16384,1,0.040000003,0.141421631,26.697616577,0.083333313,-0.264285773,0.000000000,1.000000000,0.000000000,18.000000000,1.000000000,0,18,0,0,26.649999619,0.050000001,26.750000000,0.150000006,Columns,1,1
3,1784164312999738429,1784164310186407576,31,16517,16394,1,0.040000003,0.141421720,26.697372437,2.110526800,-0.276315808,1.000000000,0.000000000,0.000000000,6.000000000,1.000000000,6,0,0,0,26.649999619,2.049999952,26.750000000,2.150000095,Columns,1,1
3,1784164312999738429,1784164310186407576,32,16517,16405,1,0.040000003,0.141421556,26.698614120,4.297708511,-0.183027461,-1.000000000,0.000000000,0.000000000,23.000000000,1.000000000,0,0,23,0,26.649999619,4.250000000,26.750000000,4.349999905,Columns,1,1
3,1784164312999738429,1784164310186407576,33,16518,16396,2,0.080000006,0.316227853,26.900003433,2.616881847,-0.238311693,1.000000000,0.000000000,0.000000000,22.000000000,1.000000000,22,0,0,0,26.850000381,2.450000048,26.950000763,2.750000000,Columns,1,1
3,1784164312999738429,1784164310186407576,34,16519,16360,1,0.040000003,0.141421556,27.102941513,-4.699999809,-0.455882311,1.000000000,0.000000000,0.000000000,8.000000000,1.000000000,8,0,0,0,27.049999237,-4.750000000,27.149999619,-4.650000095,Columns,1,1
3,1784164312999738429,1784164310186407576,35,16519,16418,2,0.080000006,0.316228807,27.202915192,6.897933960,-0.167355180,0.000000000,1.000000000,0.000000000,45.000000000,0.644444466,0,29,16,0,27.049999237,6.849999905,27.350000381,6.949999809,Columns,1,1
3,1784164312999738429,1784164310186407576,36,16520,16397,1,0.040000003,0.141421556,27.299991608,2.701562405,-0.126562491,1.000000000,0.000000000,0.000000000,8.000000000,1.000000000,8,0,0,0,27.250000000,2.650000095,27.350000381,2.750000000,Columns,1,1
3,1784164312999738429,1784164310186407576,37,16520,16410,9,0.360000014,1.303840756,27.861953735,5.060540676,-0.613624692,-1.000000000,0.000000000,0.000000000,151.000000000,0.801324487,30,0,121,0,27.250000000,4.650000095,28.350000381,5.349999905,Columns,1,1
3,1784164312999738429,1784164310186407576,38,16521,16412,2,0.080000006,0.316227019,27.592245102,5.701035500,-0.359793544,-1.000000000,0.000000000,0.000000000,33.000000000,1.000000000,0,0,33,0,27.450000763,5.650000095,27.750000000,5.750000000,Columns,1,1
3,1784164312999738429,1784164310186407576,39,16522,16397,1,0.040000003,0.141421556,27.699131012,2.695613861,-0.316666663,1.000000000,0.000000000,0.000000000,8.000000000,1.000000000,8,0,0,0,27.649999619,2.650000095,27.750000000,2.750000000,Columns,1,1
3,1784164312999738429,1784164310186407576,40,16523,16416,6,0.240000010,0.989948571,28.228103638,6.560936928,-0.580523729,1.000000000,0.000000000,0.000000000,94.000000000,0.382978737,36,31,27,0,27.850000381,6.250000000,28.549999237,6.949999809,Columns,1,1
3,1784164312999738429,1784164310186407576,41,16524,16398,2,0.080000006,0.316228062,28.099573135,3.009825706,-0.156837642,-1.000000000,0.000000000,0.000000000,21.000000000,0.571428597,9,0,12,0,28.049999237,2.849999905,28.149999619,3.150000095,Columns,1,1
3,1784164312999738429,1784164310186407576,42,16524,16420,1,0.040000003,0.141421556,28.100011826,7.302085400,-0.654166579,-1.000000000,0.000000000,0.000000000,13.000000000,1.000000000,0,0,13,0,28.049999237,7.250000000,28.149999619,7.349999905,Columns,1,1
3,1784164312999738429,1784164310186407576,43,16525,16359,3,0.120000005,0.424263328,28.359657288,-4.823789597,-0.731378973,1.000000000,0.000000000,0.000000000,33.000000000,0.666666687,22,0,11,0,28.250000000,-4.949999809,28.549999237,-4.650000095,Columns,1,1
3,1784164312999738429,1784164310186407576,44,16525,16403,15,0.600000024,1.655295134,28.613634109,3.935543776,-0.443790913,-1.000000000,0.000000000,0.000000000,193.000000000,0.430051804,76,0,83,34,28.250000000,3.049999952,28.950000763,4.550000191,Direction,1,1
3,1784164312999738429,1784164310186407576,45,16527,16410,14,0.560000002,2.195450068,29.260299683,4.732559204,-0.758930683,1.000000000,0.000000000,0.000000000,194.000000000,0.623711348,121,0,46,27,28.649999619,3.650000095,29.750000000,5.550000191,Direction,1,1
3,1784164312999738429,1784164310186407576,46,16527,16419,7,0.280000001,1.029562712,29.031215668,7.199636459,-0.646199763,-1.000000000,0.000000000,0.000000000,96.000000000,0.541666687,44,0,52,0,28.649999619,7.050000191,29.549999237,7.550000191,Columns,1,1
3,1784164312999738429,1784164310186407576,47,16530,16358,1,0.040000003,0.141421556,29.299993515,-5.107894897,-1.134210944,1.000000000,0.000000000,0.000000000,8.000000000,1.000000000,8,0,0,0,29.250000000,-5.150000095,29.350000381,-5.050000191,Columns,1,1
3,1784164312999738429,1784164310186407576,48,16530,16417,1,0.040000003,0.141421556,29.298477173,6.703028679,-0.713636398,1.000000000,0.000000000,0.000000000,13.000000000,1.000000000,13,0,0,0,29.250000000,6.650000095,29.350000381,6.750000000,Columns,1,1
3,1784164312999738429,1784164310186407576,49,16531,16400,1,0.040000003,0.141420215,29.475002289,3.318749428,-0.600000083,1.000000000,0.000000000,0.000000000,6.000000000,1.000000000,6,0,0,0,29.450000763,3.250000000,29.549999237,3.349999905,Columns,1,1
3,1784164312999738429,1784164310186407576,50,16532,16358,2,0.080000006,0.424264669,29.793901443,-5.186586380,-1.259756207,-1.000000000,0.000000000,0.000000000,20.000000000,1.000000000,0,0,20,0,29.649999619,-5.349999905,29.950000763,-5.050000191,Columns,1,1
3,1784164312999738429,1784164310186407576,51,16532,16410,10,0.400000006,1.392839909,30.275636673,5.475415230,-0.960988939,1.000000000,0.000000000,0.000000000,122.000000000,0.901639342,110,0,12,0,29.649999619,5.250000000,30.950000763,5.750000000,Columns,1,1
3,1784164312999738429,1784164310186407576,52,16532,16412,1,0.040000003,0.141421556,29.704933167,5.699294090,-0.858450592,-1.000000000,0.000000000,0.000000000,20.000000000,1.000000000,0,0,20,0,29.649999619,5.650000095,29.750000000,5.750000000,Columns,1,1
3,1784164312999738429,1784164310186407576,53,16532,16423,1,0.040000003,0.141421556,29.705266953,7.894738674,-0.973684132,-1.000000000,0.000000000,0.000000000,9.000000000,1.000000000,0,0,9,0,29.649999619,7.849999905,29.750000000,7.949999809,Columns,1,1
3,1784164312999738429,1784164310186407576,54,16533,16408,1,0.040000003,0.141421556,29.901453018,4.895590305,-0.713235140,-1.000000000,0.000000000,0.000000000,13.000000000,1.000000000,0,0,13,0,29.850000381,4.849999905,29.950000763,4.949999809,Columns,1,1
3,1784164312999738429,1784164310186407576,55,16533,16421,6,0.240000010,1.029563069,30.141950607,7.122956753,-0.749752283,1.000000000,0.000000000,0.000000000,77.000000000,0.714285731,55,0,22,0,29.850000381,6.650000095,30.350000381,7.550000191,Columns,1,1
3,1784164312999738429,1784164310186407576,56,16534,16361,2,0.080000006,0.316228986,30.199993134,-4.492187023,-0.951562345,1.000000000,0.000000000,0.000000000,11.000000000,1.000000000,11,0,0,0,30.049999237,-4.550000191,30.350000381,-4.449999809,Columns,1,1
3,1784164312999738429,1784164310186407576,57,16534,16405,5,0.200000003,0.860233128,30.358663559,4.155256748,-0.926691830,1.000000000,0.000000000,0.000000000,52.000000000,1.000000000,52,0,0,0,30.049999237,3.849999905,30.750000000,4.349999905,Columns,1,1
3,1784164312999738429,1784164310186407576,58,16534,16426,1,0.040000003,0.141421899,30.102628708,8.492105484,-0.555263102,-1.000000000,0.000000000,0.000000000,5.000000000,1.000000000,0,0,5,0,30.049999237,8.449999809,30.149999619,8.550000191,Columns,1,1
3,1784164312999738429,1784164310186407576,59,16535,16359,3,0.120000005,0.583094776,30.429567337,-5.097309589,-1.343548179,1.000000000,0.000000000,0.000000000,24.000000000,0.708333313,17,0,7,0,30.250000000,-5.349999905,30.549999237,-4.849999905,Columns,1,1
3,1784164312999738429,1784164310186407576,60,16536,16425,1,0.040000003,0.141420543,30.497365952,8.300001144,-1.005263329,-1.000000000,0.000000000,0.000000000,10.000000000,1.000000000,0,0,10,0,30.450000763,8.250000000,30.549999237,8.350000381,Columns,1,1
3,1784164312999738429,1784164310186407576,61,16537,16406,2,0.080000006,0.316228986,30.797718048,4.497706413,-0.716054857,-1.000000000,0.000000000,0.000000000,23.000000000,0.521739125,11,0,12,0,30.649999619,4.449999809,30.950000763,4.550000191,Columns,1,1
3,1784164312999738429,1784164310186407576,62,16537,16423,3,0.120000005,0.424264669,30.827337265,7.956756592,-0.830981493,1.000000000,0.000000000,0.000000000,39.000000000,1.000000000,39,0,0,0,30.649999619,7.849999905,30.950000763,8.149999619,Columns,1,1
3,1784164312999738429,1784164310186407576,63,16538,16418,4,0.160000011,0.707106769,31.046609879,7.094730377,-0.779957831,1.000000000,0.000000000,0.000000000,50.000000000,0.740000010,37,0,13,0,30.850000381,6.849999905,31.350000381,7.349999905,Columns,1,1
3,1784164312999738429,1784164310186407576,64,16539,16403,4,0.160000011,0.761578023,31.212011337,4.228123188,-0.993750036,1.000000000,0.000000000,0.000000000,28.000000000,0.571428597,16,0,12,0,31.049999237,3.849999905,31.350000381,4.550000191,Columns,1,1
3,1784164312999738429,1784164310186407576,65,16540,16408,1,0.040000003,0.141421556,31.302822113,4.904717445,-0.799056888,-1.000000000,0.000000000,0.000000000,10.000000000,1.000000000,0,0,10,0,31.250000000,4.849999905,31.350000381,4.949999809,Columns,1,1
3,1784164312999738429,1784164310186407576,66,16540,16413,4,0.160000011,0.583095312,31.501329422,6.009386539,-1.091517806,-1.000000000,0.000000000,0.000000000,48.000000000,0.583333313,20,0,28,0,31.250000000,5.849999905,31.750000000,6.150000095,Columns,1,1
3,1784164312999738429,1784164310186407576,67,16540,16427,2,0.080000006,0.316227168,31.400682449,8.702054977,-0.908904076,-1.000000000,0.000000000,0.000000000,21.000000000,0.523809552,10,0,11,0,31.250000000,8.649999619,31.549999237,8.750000000,Columns,1,1
3,1784164312999738429,1784164310186407576,68,16541,16379,4,0.160000011,0.424263537,31.590908051,-0.811657131,-1.360880852,1.000000000,0.000000000,0.000000000,28.000000000,0.714285731,20,0,8,0,31.450000763,-0.949999988,31.750000000,-0.649999976,Columns,1,1
3,1784164312999738429,1784164310186407576,69,16541,16382,1,0.040000003,0.141420275,31.503656387,-0.291463464,-0.835365772,-1.000000000,0.000000000,0.000000000,7.000000000,1.000000000,0,0,7,0,31.450000763,-0.349999994,31.549999237,-0.250000000,Columns,1,1
3,1784164312999738429,1784164310186407576,70,16543,16361,1,0.040000003,0.141421899,31.899999619,-4.504545212,-1.509090900,-1.000000000,0.000000000,0.000000000,6.000000000,1.000000000,0,0,6,0,31.850000381,-4.550000191,31.950000763,-4.449999809,Columns,1,1
3,1784164312999738429,1784164310186407576,71,16543,16404,1,0.040000003,0.141421556,31.893333435,4.106667995,-1.143333316,1.000000000,0.000000000,0.000000000,8.000000000,1.000000000,8,0,0,0,31.850000381,4.050000191,31.950000763,4.150000095,Columns,1,1
3,1784164312999738429,1784164310186407576,72,16545,16383,3,0.120000005,0.583095193,32.523895264,-0.254347950,-1.098913193,-1.000000000,0.000000000,0.000000000,16.000000000,0.687500000,5,0,11,0,32.250000000,-0.349999994,32.750000000,-0.050000001,Columns,1,1
3,1784164312999738429,1784164310186407576,73,16545,16409,1,0.040000003,0.141420215,32.299049377,5.114149570,-0.995282888,-1.000000000,0.000000000,0.000000000,11.000000000,1.000000000,0,0,11,0,32.250000000,5.050000191,32.349998474,5.150000095,Columns,1,1
3,1784164312999738429,1784164310186407576,74,16545,16413,1,0.040000003,0.141420215,32.303325653,5.891669273,-1.213333130,1.000000000,0.000000000,0.000000000,10.000000000,1.000000000,10,0,0,0,32.250000000,5.849999905,32.349998474,5.949999809,Columns,1,1
3,1784164312999738429,1784164310186407576,75,16545,16428,2,0.080000006,0.424263000,32.401515961,9.001513481,-1.166666508,-1.000000000,0.000000000,0.000000000,14.000000000,1.000000000,0,0,14,0,32.250000000,8.850000381,32.549999237,9.149999619,Columns,1,1
3,1784164312999738429,1784164310186407576,76,16547,16360,1,0.040000003,0.141420215,32.705554962,-4.705555916,-1.861111283,-1.000000000,0.000000000,0.000000000,5.000000000,1.000000000,0,0,5,0,32.650001526,-4.750000000,32.750000000,-4.650000095,Columns,1,1
3,1784164312999738429,1784164310186407576,77,16547,16410,1,0.040000003,0.141420215,32.706256866,5.283334255,-1.181249738,-1.000000000,0.000000000,0.000000000,10.000000000,1.000000000,0,0,10,0,32.650001526,5.250000000,32.750000000,5.349999905,Columns,1,1
3,1784164312999738429,1784164310186407576,78,16547,16415,2,0.080000006,0.424263656,32.800491333,6.399515629,-1.356796861,-1.000000000,0.000000000,0.000000000,23.000000000,1.000000000,0,0,23,0,32.650001526,6.250000000,32.950000763,6.550000191,Columns,1,1
3,1784164312999738429,1784164310186407576,79,16548,16362,7,0.280000001,1.140175819,33.225257874,-3.895485878,-1.691136718,1.000000000,0.000000000,0.000000000,54.000000000,0.592592597,32,0,22,0,32.849998474,-4.349999905,33.549999237,-3.450000048,Columns,1,1
3,1784164312999738429,1784164310186407576,80,16549,16379,1,0.040000003,0.141422942,33.101432800,-0.910000324,-1.838571191,1.000000000,0.000000000,0.000000000,6.000000000,1.000000000,6,0,0,0,33.049999237,-0.949999988,33.150001526,-0.850000024,Columns,1,1
3,1784164312999738429,1784164310186407576,81,16549,16409,3,0.120000005,0.424263328,33.228073120,5.163003445,-1.060569406,-1.000000000,0.000000000,0.000000000,23.000000000,0.695652187,7,0,16,0,33.049999237,5.050000191,33.349998474,5.349999905,Columns,1,1
3,1784164312999738429,1784164310186407576,82,16549,16418,1,0.040000003,0.141422912,33.105949402,6.900850773,-1.504236341,1.000000000,0.000000000,0.000000000,11.000000000,1.000000000,11,0,0,0,33.049999237,6.849999905,33.150001526,6.949999809,Columns,1,1
3,1784164312999738429,1784164310186407576,83,16549,16431,1,0.040000003,0.141423240,33.105552673,9.488888741,-1.200000286,-1.000000000,0.000000000,0.000000000,6.000000000,1.000000000,0,0,6,0,33.049999237,9.449999809,33.150001526,9.550000191,Columns,1,1
3,1784164312999738429,1784164310186407576,84,16550,16375,5,0.200000003,0.583094776,33.374721527,-1.464343905,-1.559960365,1.000000000,0.000000000,0.000000000,28.000000000,0.821428597,23,0,5,0,33.250000000,-1.750000000,33.549999237,-1.250000000,Columns,1,1
3,1784164312999738429,1784164310186407576,85,16550,16414,2,0.080000006,0.424263328,33.393527985,6.190000057,-1.659411669,-1.000000000,0.000000000,0.000000000,18.000000000,1.000000000,0,0,18,0,33.250000000,6.050000191,33.549999237,6.349999905,Columns,1,1
3,1784164312999738429,1784164310186407576,86,16551,16368,15,0.600000024,1.702937961,33.922397614,-3.149577618,-1.677910566,1.000000000,0.000000000,0.000000000,116.000000000,0.750000000,87,0,29,0,33.450000763,-3.750000000,34.750000000,-2.650000095,None,1,1
3,1784164312999738429,1784164310186407576,87,16551,16381,10,0.400000006,1.702937603,33.950851440,-1.115838647,-1.939256549,1.000000000,0.000000000,0.000000000,65.000000000,0.569230795,37,0,28,0,33.450000763,-1.750000000,34.549999237,-0.449999988,Columns,1,1
3,1784164312999738429,1784164310186407576,88,16552,16431,2,0.080000006,0.316227168,33.792842865,9.500000000,-1.432142615,-1.000000000,0.000000000,0.000000000,13.000000000,1.000000000,0,0,13,0,33.650001526,9.449999809,33.950000763,9.550000191,Columns,1,1
3,1784164312999738429,1784164310186407576,89,16553,16362,2,0.080000006,0.316230625,34.000011444,-4.296971321,-2.239394426,-1.000000000,0.000000000,0.000000000,13.000000000,0.538461566,6,0,7,0,33.849998474,-4.349999905,34.150001526,-4.250000000,Columns,1,1
3,1784164312999738429,1784164310186407576,90,16554,16420,2,0.080000006,0.424263328,34.189609528,7.208333969,-1.838541031,-1.000000000,0.000000000,0.000000000,20.000000000,1.000000000,0,0,20,0,34.049999237,7.050000191,34.349998474,7.349999905,Columns,1,1
3,1784164312999738429,1784164310186407576,91,16555,16364,6,0.240000010,1.140176535,34.648239136,-4.024559021,-1.795176506,-1.000000000,0.000000000,0.000000000,44.000000000,0.590909064,18,0,26,0,34.250000000,-4.349999905,35.150001526,-3.650000095,Columns,1,1
3,1784164312999738429,1784164310186407576,92,16555,16380,1,0.040000003,0.141420290,34.303565979,-0.710714221,-1.892856956,1.000000000,0.000000000,0.000000000,5.000000000,1.000000000,5,0,0,0,34.250000000,-0.750000000,34.349998474,-0.649999976,Columns,1,1
3,1784164312999738429,1784164310186407576,93,16555,16410,2,0.080000006,0.424263656,34.391662598,5.395833492,-1.362499833,1.000000000,0.000000000,0.000000000,11.000000000,1.000000000,11,0,0,0,34.250000000,5.250000000,34.549999237,5.550000191,Columns,1,1
3,1784164312999738429,1784164310186407576,94,16556,16373,6,0.240000010,1.029562831,34.764282227,-1.906897545,-1.717673063,1.000000000,0.000000000,0.000000000,45.000000000,1.000000000,45,0,0,0,34.450000763,-2.349999905,34.950000763,-1.450000048,Columns,1,1
3,1784164312999738429,1784164310186407576,95,16558,16359,1,0.040000003,0.141422912,34.907894135,-4.913156986,-2.218420982,-1.000000000,0.000000000,0.000000000,6.000000000,1.000000000,0,0,6,0,34.849998474,-4.949999809,34.950000763,-4.849999905,Columns,1,1
3,1784164312999738429,1784164310186407576,96,16558,16370,3,0.120000005,0.583096743,35.018955231,-2.517242670,-2.106034517,1.000000000,0.000000000,0.000000000,21.000000000,0.761904776,16,0,5,0,34.849998474,-2.750000000,35.150001526,-2.250000000,Columns,1,1
3,1784164312999738429,1784164310186407576,97,16558,16431,1,0.040000003,0.141423240,34.888893127,9.494443893,-1.772222400,1.000000000,0.000000000,0.000000000,7.000000000,1.000000000,7,0,0,0,34.849998474,9.449999809,34.950000763,9.550000191,Columns,1,1
3,1784164312999738429,1784164310186407576,98,16560,16361,1,0.040000003,0.141420543,35.291927338,-4.491934776,-2.140322447,1.000000000,0.000000000,0.000000000,7.000000000,1.000000000,7,0,0,0,35.250000000,-4.550000191,35.349998474,-4.449999809,Columns,1,1
3,1784164312999738429,1784164310186407576,99,16560,16366,4,0.160000011,0.761577964,35.594455719,-3.618146420,-1.813703418,-1.000000000,0.000000000,0.000000000,29.000000000,0.689655185,9,0,20,0,35.250000000,-3.750000000,35.950000763,-3.450000048,Columns,1,1
3,1784164312999738429,1784164310186407576,100,16561,16363,2,0.080000006,0.424263328,35.597141266,-4.197144508,-1.792856693,1.000000000,0.000000000,0.000000000,18.000000000,1.000000000,18,0,0,0,35.450000763,-4.349999905,35.750000000,-4.050000191,Columns,1,1
3,1784164312999738429,1784164310186407576,101,16561,16372,1,0.040000003,0.141420215,35.494445801,-2.302777529,-1.927777648,1.000000000,0.000000000,0.000000000,6.000000000,1.000000000,6,0,0,0,35.450000763,-2.349999905,35.549999237,-2.250000000,Columns,1,1
3,1784164312999738429,1784164310186407576,102,16561,16419,2,0.080000006,0.316227019,35.594448090,7.099202633,-1.916665912,1.000000000,0.000000000,0.000000000,19.000000000,1.000000000,19,0,0,0,35.450000763,7.050000191,35.750000000,7.150000095,Columns,1,1
3,1784164312999738429,1784164310186407576,103,16562,16369,1,0.040000003,0.141420379,35.695953369,-2.887836695,-2.233782768,-1.000000000,0.000000000,0.000000000,6.000000000,1.000000000,0,0,6,0,35.650001526,-2.950000048,35.750000000,-2.849999905,Columns,1,1
3,1784164312999738429,1784164310186407576,104,16562,16377,1,0.040000003,0.141420290,35.694999695,-1.280000091,-2.490000248,1.000000000,0.000000000,0.000000000,6.000000000,1.000000000,6,0,0,0,35.650001526,-1.350000024,35.750000000,-1.250000000,Columns,1,1
3,1784164312999738429,1784164310186407576,105,16563,16372,1,0.040000003,0.141422912,35.896869659,-2.293749809,-1.559375167,-1.000000000,0.000000000,0.000000000,8.000000000,1.000000000,0,0,8,0,35.849998474,-2.349999905,35.950000763,-2.250000000,Columns,1,1
3,1784164312999738429,1784164310186407576,106,16565,16368,2,0.080000006,0.316227466,36.299991608,-2.999999762,-2.574073792,1.000000000,0.000000000,0.000000000,12.000000000,1.000000000,12,0,0,0,36.250000000,-3.150000095,36.349998474,-2.849999905,Columns,1,1
3,1784164312999738429,1784164310186407576,107,16568,16373,1,0.040000003,0.141423076,36.896671295,-2.123332977,-2.016666889,1.000000000,0.000000000,0.000000000,5.000000000,1.000000000,5,0,0,0,36.849998474,-2.150000095,36.950000763,-2.049999952,Columns,1,1
